folder,2025-26,2024-25,2023-24,2022-23,2021-22,2020-21,2019-20,2018-19,2017-18,2016-17,2015-16,2014-15,2013-14,2012-13,2011-12,2010-11,2009-10,2008-09,2007-08,2006-07,2005-06,2004-05,2003-04,2002-03,2001-02
10-uah,38,32,27,28,24,16,30,27,27,27,27,29,27,33,30,0,0,0,0,0,0,0,0,0,0
100-cal-state-la,31,28,30,30,27,0,28,26,29,29,27,26,28,32,0,0,0,0,0,0,0,0,0,0,0
1001-catawba,28,29,30,35,30,15,29,28,28,29,29,30,27,27,13,6,2,2,3,0,0,0,1,0,0
1004-central-arkansas,32,33,33,26,28,27,29,30,35,31,32,31,30,30,31,0,0,0,0,0,0,0,0,0,0
1009-central-okla,28,28,28,28,30,23,28,31,29,33,30,30,27,3,0,0,0,0,0,0,0,0,0,0,0
101-csun,30,29,30,31,28,0,31,31,35,32,31,33,33,32,31,29,28,31,26,0,0,0,0,0,0
1010-central-wash,32,31,31,30,32,2,30,29,29,30,29,27,26,0,26,0,0,0,0,0,0,0,0,0,0
1012-chadron-st,25,26,25,28,26,13,31,28,28,25,26,26,26,26,26,0,0,0,0,0,0,0,0,0,0
1013-charleston-wv,32,30,30,33,32,21,30,32,30,31,30,29,30,29,23,0,0,0,0,0,0,0,0,0,0
1014-college-of-charleston,33,32,32,29,31,15,30,30,31,30,31,0,0,0,0,0,0,0,0,0,0,0,0,0,0
1015-christian-brothers,27,27,28,28,26,14,24,25,26,27,27,28,28,27,27,25,27,27,0,0,0,0,0,0,0
102-sacramento-state,33,33,31,33,0,0,0,0,0,0,0,0,0,0,0,0,0,0,0,0,0,0,0,0,0
1028-concord,29,29,30,31,35,0,30,30,28,28,28,29,27,29,0,0,0,0,0,0,0,0,0,0,0
103-stanislaus-st,25,28,32,28,22,0,29,26,28,31,27,26,26,27,26,0,0,0,0,0,0,0,0,0,0
1036-concordia-wisconsin,24,26,26,27,22,15,26,28,28,27,26,26,27,28,27,28,27,29,27,27,28,26,27,26,26
104-uc-santa-barbara,30,31,31,0,0,0,0,0,0,0,0,0,0,0,0,0,0,0,0,0,0,0,0,0,0
10411-usc-upstate,32,30,32,31,30,23,30,30,30,30,34,30,32,30,30,30,2,0,0,0,0,0,0,0,0
1044-dallas,25,25,26,25,24,10,25,25,25,26,25,26,27,27,25,16,18,23,27,0,26,25,24,0,0
105-cal-lutheran,27,28,26,24,23,5,24,25,26,26,27,27,26,25,28,14,6,1,3,0,1,1,1,0,0
1057-drury,29,29,34,33,38,26,32,36,34,34,31,30,31,27,0,0,0,0,0,0,0,0,0,0,0
1059-dyouville,25,26,27,0,0,0,0,0,0,0,0,0,0,0,0,0,0,0,0,0,0,0,0,0,0
106-cal-u-pa,31,28,32,32,31,0,30,32,31,34,31,36,27,31,27,0,0,0,0,0,0,0,0,0,0
1062-east-tex-baptist,25,28,27,27,27,26,27,27,32,22,25,25,0,0,0,0,0,0,0,0,0,0,0,0,0
1066-edgewood,26,26,27,27,26,16,28,25,25,25,25,26,27,25,25,0,0,0,0,0,0,0,0,0,0
1068-elon,32,30,32,30,29,15,30,30,33,34,31,32,31,33,30,33,0,0,0,0,0,0,0,0,0
107-california,37,34,34,30,24,17,31,33,32,34,0,0,0,0,0,0,0,0,0,0,0,0,0,0,0
1071-emporia-st,30,29,30,29,29,25,31,31,28,34,34,34,34,29,0,0,0,0,0,0,0,0,0,0,0
1072-erskine,26,26,26,26,26,16,27,28,28,29,30,30,27,28,22,0,0,0,0,0,0,0,0,0,0
1076-fairmont-st,30,32,33,32,28,17,29,29,30,31,31,30,0,0,0,0,0,0,0,0,0,0,0,0,0
1079-findlay,29,30,29,0,0,0,0,0,0,0,0,0,0,0,0,0,0,0,0,0,0,0,0,0,0
108-uc-davis,34,33,34,30,28,16,29,32,35,33,32,31,31,30,30,33,32,29,31,0,0,0,0,0,0
1083-fort-lewis,29,28,28,28,27,14,27,28,29,28,30,27,27,0,0,0,0,0,0,0,0,0,0,0,0
1085-francis-marion,30,30,28,27,31,0,0,0,0,0,0,0,0,0,0,0,0,0,0,0,0,0,0,0,0
10870-shepherd,27,28,27,27,33,2,30,29,30,32,29,32,27,0,0,0,0,0,0,0,0,0,0,0,0
109-uc-irvine,33,31,32,32,32,24,31,31,32,0,31,32,32,18,0,0,0,0,0,0,0,0,0,0,0
1092-gardner-webb,31,29,30,34,31,24,29,31,32,31,0,0,0,0,0,0,0,0,0,0,0,0,0,0,0
1094-george-fox,27,27,23,25,26,0,0,0,0,0,0,0,0,0,0,0,0,0,0,0,0,0,0,0,0
1096-georgia-college,31,30,29,0,0,0,0,0,0,0,0,0,0,0,0,0,0,0,0,0,0,0,0,0,0
1097-ga-southwestern,27,29,32,33,30,15,26,28,26,26,26,26,26,26,27,26,28,27,27,25,0,0,0,0,0
10972-chatham,26,27,28,27,25,9,26,26,25,26,27,25,25,25,0,0,0,0,0,0,0,0,0,0,0
1098-glenville-st,31,31,29,36,36,16,31,33,33,30,0,0,0,0,0,0,0,0,0,0,0,0,0,0,0
1099-gordon,25,25,26,26,26,12,26,26,26,26,25,25,25,25,25,0,0,0,0,0,0,0,0,0,0
11-alas-anchorage,27,33,28,28,27,3,33,31,30,0,0,0,0,0,0,0,0,0,0,0,0,0,0,0,0
110-ucla,38,37,40,37,37,29,9,41,41,40,6,0,0,0,0,0,0,0,0,0,0,0,0,0,0
1104-grand-canyon,32,35,32,31,32,25,27,27,30,26,31,27,30,0,0,0,0,0,0,0,0,0,0,0,0
111-uc-riverside,32,32,32,32,25,19,30,33,33,31,32,31,29,29,29,32,0,0,0,0,0,0,0,0,0
1111-greenville,26,17,24,26,26,19,26,28,30,32,28,26,25,25,25,2,3,0,0,2,0,0,0,0,0
1112-guilford,26,26,25,26,0,0,0,0,0,0,0,0,0,0,0,0,0,0,0,0,0,0,0,0,0
1115-hanover,26,27,26,25,23,13,26,27,27,26,25,0,27,29,26,27,0,0,0,0,0,0,0,0,0
1116-harding,31,32,32,32,29,10,29,30,33,35,27,30,32,28,29,27,29,30,28,29,27,0,0,0,0
112-uc-san-diego,33,36,31,30,27,15,30,31,33,30,31,28,27,33,33,31,0,0,0,0,0,0,0,0,0
1123-henderson-st,27,28,32,29,30,10,30,29,30,28,29,27,27,27,0,0,0,0,0,0,0,0,0,0,0
1124-hendrix,27,26,26,25,24,12,26,26,27,29,24,27,0,0,0,0,0,0,0,0,0,0,0,0,0
1126-holy-family,35,33,30,30,27,0,29,27,28,27,31,32,28,31,34,29,0,0,0,0,0,0,0,0,0
11276-sc-aiken,28,28,28,30,26,7,29,29,28,29,28,30,29,30,31,33,28,34,28,29,28,0,0,0,0
113-uc-santa-cruz,24,25,25,24,20,0,0,0,0,0,0,0,0,0,0,0,0,0,0,0,0,0,0,0,0
11324-agnes-scott-college,24,25,24,0,23,14,25,25,25,20,22,22,18,25,24,28,24,24,26,25,27,23,0,0,0
1133-husson,26,27,27,0,0,0,0,0,0,0,0,0,0,0,0,0,0,0,0,0,0,0,0,0,0
114-calvin,27,29,26,0,0,0,0,0,0,0,0,0,0,0,0,0,0,0,0,0,0,0,0,0,0
11403-colo-christian,28,28,29,28,27,18,28,28,27,27,33,33,28,29,0,0,0,0,0,0,0,0,0,0,0
11416-colorado-mesa,39,31,32,29,30,22,31,31,29,28,27,29,32,33,27,0,0,0,0,0,0,0,0,0,0
115-campbell,32,35,31,31,31,23,29,36,30,31,0,0,0,0,0,0,0,0,0,0,0,0,0,0,0
11504-queens-nc,30,29,29,29,25,20,28,26,26,28,27,27,26,27,26,0,0,0,0,0,0,0,0,0,0
1156-neb-kearney,31,29,30,33,32,27,32,29,28,28,30,29,27,25,27,0,0,0,0,0,0,0,0,0,0
1157-kennesaw-state,30,31,30,31,28,19,29,31,26,30,30,30,30,31,31,0,0,0,0,0,0,0,0,0,0
1159-keuka,24,25,24,0,0,0,0,0,0,0,0,0,0,0,0,0,0,0,0,0,0,0,0,0,0
116-canisius,29,31,31,30,31,5,30,30,30,31,30,30,30,0,0,0,0,0,0,0,0,0,0,0,0
1162-lagrange,28,27,25,26,25,12,26,26,26,27,27,27,27,26,28,25,0,0,0,0,0,0,0,0,0
1164-lakeland,26,26,25,26,26,11,25,26,27,28,26,26,25,0,0,0,0,0,0,0,0,0,0,0,0
1167-lander,28,27,30,27,29,0,0,0,0,0,0,0,0,0,0,0,0,0,0,0,0,0,0,0,0
117-capital,26,27,27,25,25,11,26,26,27,27,27,28,28,25,0,0,0,0,0,0,0,0,0,0,0
1170-lenoir-rhyne,32,28,31,32,26,20,29,30,29,29,27,28,0,0,0,0,0,0,0,0,0,0,0,0,0
1174-limestone,0,29,28,29,28,16,31,28,29,32,31,36,33,31,32,28,28,28,0,0,0,0,0,0,0
11740-west-florida,29,31,29,29,0,0,0,0,0,0,0,0,0,0,0,0,0,0,0,0,0,0,0,0,0
1176-lincoln-memorial,31,28,27,28,27,22,27,30,29,33,29,29,27,28,26,26,28,28,28,29,27,27,29,29,27
1179-linfield,26,26,25,25,24,12,25,26,25,0,0,0,0,0,0,0,0,0,0,0,0,0,0,0,0
118-carleton,25,25,0,24,27,0,25,0,0,0,0,0,0,0,0,0,0,0,0,0,0,0,0,0,0
11839-pitt-greensburg,25,25,26,27,26,2,27,25,25,25,26,28,26,26,26,0,0,0,0,0,0,0,0,0,0
1192-manchester,25,24,25,24,23,19,24,24,25,25,25,24,27,27,0,0,0,0,0,0,0,0,0,0,0
1194-maranatha-baptist,22,22,24,23,24,21,23,25,24,29,22,26,28,30,29,31,29,29,29,31,3,2,2,2,25
1196-marian-wi,37,35,35,0,0,0,0,0,0,0,0,0,0,0,0,0,0,0,0,0,0,0,0,0,0
12-alas-fairbanks,26,26,27,25,23,0,27,26,26,27,30,28,26,26,28,25,0,0,0,0,0,0,0,0,0
120-carroll-wi,29,27,28,26,26,13,25,24,25,24,23,24,24,22,25,0,0,0,0,0,0,0,0,0,0
1203-mary-hardin-baylor,26,26,28,27,29,21,30,31,28,27,26,26,28,25,0,0,0,0,0,0,0,0,0,0,0
121-carthage,27,26,25,26,25,14,25,27,26,25,25,26,30,29,31,0,0,0,0,0,0,0,0,0,0
122-cwru,25,25,25,0,0,0,0,0,0,0,0,0,0,0,0,0,0,0,0,0,0,0,0,0,0
1222-midwestern-st,26,28,28,28,27,18,27,28,27,26,27,30,30,32,27,26,26,26,27,26,27,27,27,30,29
1226-minnesota-morris,26,25,28,25,28,10,27,26,26,27,26,28,27,26,27,0,0,0,0,0,0,0,0,0,0
123-castleton,25,25,25,27,25,9,27,24,26,26,27,27,30,31,28,27,28,28,27,26,27,27,26,26,0
1238-montevallo,27,28,27,29,29,0,0,0,0,0,0,0,0,0,0,0,0,0,0,0,0,0,0,0,0
12399-gwynedd-mercy,25,24,26,26,28,2,28,26,26,29,26,27,27,27,28,28,27,28,29,29,0,0,0,0,0
124-catholic,27,29,29,0,0,0,0,0,0,0,0,0,0,0,0,0,0,0,0,0,0,0,0,0,0
1240-msu-moorhead,28,30,29,27,23,0,0,0,0,0,0,0,27,27,27,0,0,0,0,0,0,0,0,0,0
1245-mount-olive,27,25,27,30,22,0,0,0,0,0,0,0,29,30,0,0,0,0,0,0,0,0,0,0,0
125-centenary-la,0,0,0,25,23,0,0,0,0,0,0,0,25,25,0,25,26,0,0,0,0,0,0,0,0
1254-neumann,26,26,28,27,26,0,0,0,0,0,0,0,26,1,0,0,0,0,0,0,0,0,0,0,0
1255-u-new-england,25,27,28,27,27,4,28,27,29,29,29,30,30,30,28,0,0,0,0,0,0,0,0,0,0
1257-newberry,28,28,28,28,28,0,0,0,0,0,0,0,27,0,0,0,0,0,0,0,0,0,0,0,0
126-central-ia,26,27,25,25,21,10,26,25,25,25,25,25,25,0,0,0,0,0,0,0,0,0,0,0,0
1266-northern-st,29,30,29,30,28,0,0,0,0,0,0,0,31,28,28,0,0,0,0,0,0,0,0,0,0
1267-northland,0,21,22,22,21,3,23,22,25,24,22,24,4,4,0,0,0,0,0,0,0,0,0,0,0
1274-northwest-nazarene,27,28,24,26,28,0,0,0,0,0,0,0,28,9,0,0,0,0,0,0,0,0,0,0,0
12799-wheeling,29,29,29,29,28,18,30,28,29,32,33,28,28,27,27,0,0,0,0,0,0,0,0,0,0
128-central-florida,0,0,0,29,30,21,30,0,33,33,30,30,0,0,0,0,0,0,0,0,0,0,0,0,0
12810-northeastern-st,29,28,29,26,28,22,26,28,27,25,29,28,28,27,0,0,0,0,0,0,0,0,0,0,0
12884-centenary-nj,27,26,26,0,0,0,0,0,0,0,0,0,0,0,0,0,0,0,0,0,0,0,0,0,0
1289-ouachita-baptist,27,26,27,28,26,9,28,28,28,28,28,27,27,27,28,0,0,0,0,0,0,0,0,0,0
129-central-michigan,30,31,28,29,29,27,30,33,0,0,0,0,0,0,0,0,0,0,0,0,0,0,0,0,0
1297-pacific-lutheran,25,25,25,25,23,11,25,24,25,0,0,0,0,0,0,0,0,0,0,0,0,0,0,0,0
12973-wilson,26,26,26,25,26,0,25,28,25,25,23,22,19,0,0,0,0,0,0,0,0,0,0,0,0
13-albany-st-ga,28,26,29,25,28,14,26,26,29,27,0,0,0,0,0,0,0,0,0,0,0,0,0,0,0
130-central-mo,33,32,29,30,30,28,31,32,33,31,29,30,31,30,29,29,0,0,0,0,0,0,0,0,0
13028-anderson-sc,24,34,0,0,0,0,0,0,0,0,0,0,0,0,0,0,0,0,0,0,0,0,0,0,0
1305-cairn,22,22,27,24,26,6,25,27,25,25,25,22,23,0,0,0,0,0,0,0,0,0,0,0,0
1314-pittsburg-st,29,36,32,31,29,23,28,30,30,31,35,34,31,27,0,0,0,0,0,0,0,0,0,0,0
1318-post,27,29,27,31,27,0,28,28,25,27,28,29,26,27,26,0,0,0,0,0,0,0,0,0,0
132-centre,26,29,28,28,26,11,27,27,25,26,26,24,28,25,30,3,0,0,0,0,0,0,0,0,0
1320-presbyterian-college,30,30,36,30,30,21,30,0,0,0,0,0,0,0,0,0,0,0,0,0,0,0,0,0,0
1328-rockhurst,26,26,27,28,28,20,28,26,26,28,28,26,27,26,26,0,0,0,0,0,0,0,0,0,0
133-chaminade,26,26,26,26,20,12,28,26,22,24,24,24,26,23,0,0,0,0,0,0,0,0,0,0,0
13302-lees-mcrae,31,25,23,25,27,17,30,29,27,28,28,28,28,25,0,0,0,0,0,0,0,0,0,0,0
1332-dominican-il,25,25,25,25,24,7,27,27,25,25,25,25,25,25,28,0,0,0,0,0,0,0,0,0,0
1334-st-edwards,28,31,28,31,28,15,29,30,28,29,29,27,28,27,0,0,0,0,0,0,0,0,0,0,0
134-chapman,26,26,24,24,25,0,25,26,28,27,26,25,28,27,25,28,0,0,0,0,0,0,0,0,0
1340-st-josephs-li,26,26,27,25,24,0,0,0,0,0,0,0,0,0,0,0,0,0,0,0,0,0,0,0,0
1343-saint-martins,28,29,25,26,27,13,27,28,28,28,27,26,29,28,0,0,0,0,0,0,0,0,0,0,0
1346-st-marys-tx,27,28,28,28,28,15,28,28,29,28,28,27,30,29,0,0,0,0,0,0,0,0,0,0,0
1356-seattle,0,30,29,30,30,25,29,30,33,0,0,0,0,0,0,0,0,0,0,0,0,0,0,0,0
136-chicago-state,32,33,27,28,27,14,28,30,30,29,29,29,30,30,0,0,0,0,0,0,0,0,0,0,0
137-chicago,28,25,25,0,0,0,0,0,0,0,0,0,0,0,0,0,0,0,0,0,0,0,0,0,0
1371-southeastern-okla,31,31,28,27,29,21,29,27,28,27,29,30,27,27,0,0,0,0,0,0,0,0,0,0,0
1376-southern-ark,28,29,28,29,28,8,28,21,28,26,28,27,27,25,0,0,0,0,0,0,0,0,0,0,0
139-chris-newport,29,28,29,32,27,0,29,31,30,32,29,26,30,32,28,0,0,0,0,0,0,0,0,0,0
1390-sul-ross-st,26,25,25,26,26,0,0,0,0,0,0,0,0,0,0,0,0,0,0,0,0,0,0,0,0
1395-tarleton-st,31,34,31,29,29,0,0,0,0,0,0,0,31,29,0,0,0,0,0,0,0,0,0,0,0
14-albany,30,33,32,34,33,18,30,0,0,0,0,0,0,0,0,0,0,0,0,0,0,0,0,0,0
140-cincinnati,0,29,32,30,28,24,32,35,32,30,30,31,31,30,0,0,0,0,0,0,0,0,0,0,0
1400-texas-lutheran,27,29,26,26,25,9,27,29,26,27,27,26,29,0,0,0,0,0,0,0,0,0,0,0,0
1402-thomas-more,29,29,29,35,36,31,32,33,32,29,33,0,32,29,0,0,0,0,0,0,0,0,0,0,0
1403-tiffin,27,28,0,0,0,0,0,0,0,0,0,0,0,0,0,0,0,0,0,0,0,0,0,0,0
142-claremont-m-s,28,25,0,0,0,0,0,0,0,0,0,0,0,0,0,0,0,0,0,0,0,0,0,0,0
143-clarion,27,29,28,27,27,12,28,28,28,29,28,27,26,29,26,0,0,0,0,0,0,0,0,0,0
1433-wayne-st-ne,28,27,25,27,24,12,29,30,30,30,29,0,0,0,0,0,0,0,0,0,0,0,0,0,0
1434-waynesburg,25,25,25,25,26,8,20,26,27,31,29,27,27,26,0,0,0,0,0,0,0,0,0,0,0
1438-west-liberty,30,29,29,29,30,11,29,31,29,29,33,33,31,29,29,0,0,0,0,0,0,0,0,0,0
1439-west-virginia-st,28,31,32,29,29,16,30,30,30,28,29,28,30,27,0,0,0,0,0,0,0,0,0,0,0
144-clark-atlanta,30,32,27,27,25,0,26,26,28,27,27,25,0,25,0,0,0,0,0,0,0,0,0,0,0
1445-western-nm,26,26,27,0,0,0,0,0,0,0,0,0,0,0,0,0,0,0,0,0,0,0,0,0,0
1446-western-ore,28,26,23,26,26,0,0,0,0,0,0,0,0,0,0,0,0,0,0,0,0,0,0,0,0
1448-western-wash,33,29,31,28,31,6,31,30,28,0,0,0,0,0,0,0,0,0,0,0,0,0,0,0,0
145-clark-ma,28,25,26,0,0,0,0,0,0,0,0,0,0,0,0,0,0,0,0,0,0,0,0,0,0
1450-westminster-mo,26,26,27,28,28,15,25,26,27,24,26,25,25,28,27,0,0,0,0,0,0,0,0,0,0
1451-westminster-pa,26,25,24,27,28,11,28,27,26,27,25,0,0,0,0,0,0,0,0,0,0,0,0,0,0
1454-whitworth,25,25,25,25,25,8,25,25,25,25,26,26,0,0,0,0,0,0,0,0,0,0,0,0,0
146-clarkson,25,25,25,23,24,11,24,25,25,27,28,26,24,0,0,0,0,0,0,0,0,0,0,0,0
1461-wilmington-oh,25,25,24,26,26,14,26,26,26,28,27,27,27,24,0,0,0,0,0,0,0,0,0,0,0
1462-wingate,29,30,32,31,30,20,30,31,32,31,30,32,29,28,0,0,0,0,0,0,0,0,0,0,0
1468-mt-st-mary-ny,27,28,27,25,28,0,26,29,28,25,27,26,25,28,29,0,0,0,0,0,0,0,0,0,0
14718-wesleyan-ga,21,18,19,21,18,12,25,25,24,24,0,20,24,12,10,6,3,4,3,0,0,0,0,0,0
14795-cedar-crest,28,20,22,19,21,0,25,25,24,23,24,25,25,25,25,0,0,0,0,0,0,0,0,0,0
148-cleveland-state,36,33,0,0,0,0,0,0,0,0,0,0,0,0,0,0,0,0,0,0,0,0,0,0,0
149-coastal-carolina,32,32,33,30,26,18,29,32,30,29,31,30,31,29,28,29,30,30,28,29,28,0,0,0,0
14927-belmont,32,36,35,35,0,0,0,0,0,0,0,0,0,0,0,0,0,0,0,0,0,0,0,0,0
15-albion,27,27,27,27,26,0,0,0,0,0,0,0,23,25,25,0,0,0,0,0,0,0,0,0,0
150-coe,29,27,27,26,26,13,27,0,0,0,0,0,0,0,0,0,0,0,0,0,0,0,0,0,0
151-colby,24,26,24,22,22,6,22,24,24,25,0,0,0,0,0,0,0,0,0,0,0,0,0,0,0
152-colby-sawyer-college,25,25,26,26,22,0,26,26,26,27,26,27,28,0,30,0,0,0,0,0,0,0,0,0,0
153-colgate,31,33,34,30,30,9,30,29,30,30,30,31,30,31,30,0,0,0,0,0,0,0,0,0,0
154-colorado-col,26,27,28,27,28,10,26,26,27,25,25,25,26,26,24,0,0,0,0,0,0,0,0,0,0
155-colo-sch-of-mines,32,28,30,31,31,20,29,29,29,32,28,0,0,0,0,0,0,0,0,0,0,0,0,0,0
156-colorado-st,35,32,31,32,33,21,30,30,33,34,33,31,22,0,0,0,0,0,0,0,0,0,0,0,0
15646-barton,29,30,31,27,30,16,30,30,32,30,30,30,28,29,30,29,0,0,0,0,0,0,0,0,0
157-colorado,34,32,34,34,31,23,30,30,31,33,30,32,34,32,35,34,30,28,34,30,30,0,0,0,0
158-columbia,33,31,30,34,32,0,27,27,29,0,0,0,0,0,0,0,0,0,0,0,0,0,0,0,0
15882-rosemont,0,25,25,21,22,0,0,0,0,0,0,0,0,0,0,0,0,0,0,0,0,0,0,0,0
159-columbus-st,30,30,29,27,29,8,28,29,29,33,31,33,0,1,0,0,0,0,0,0,0,0,0,0,0
16-albright,25,25,25,26,24,11,28,25,28,29,30,29,25,0,0,0,0,0,0,0,0,0,0,0,0
160-concordia-chicago,25,25,25,25,23,11,25,25,26,26,25,26,5,0,11,0,0,0,0,0,0,0,0,0,0
16142-misericordia,25,25,25,26,27,9,27,29,29,28,25,25,24,25,0,0,0,0,0,0,0,0,0,0,0
163-connecticut-col,25,24,23,23,21,5,24,24,24,25,24,25,25,23,0,0,0,0,0,0,0,0,0,0,0
164-uconn,39,40,39,37,36,30,32,38,37,37,38,0,0,0,0,0,0,0,0,0,0,0,0,0,0
165-coppin-state,33,33,30,30,28,15,29,30,29,29,32,29,31,32,0,0,0,0,0,0,0,0,0,0,0
166-cornell-college,25,25,25,24,21,4,25,23,26,25,25,25,24,27,25,23,0,0,0,0,0,0,0,0,0
167-cornell,27,27,26,27,25,0,26,26,27,27,28,28,28,28,28,0,0,0,0,0,0,0,0,0,0
168-cortland,28,29,26,29,27,0,29,26,26,27,26,27,27,25,0,0,0,0,0,0,0,0,0,0,0
169-creighton,31,28,32,31,32,22,30,31,32,32,35,31,34,33,0,0,0,0,0,0,0,0,0,0,0
17-alcorn-state,31,32,32,29,25,20,31,30,30,30,30,25,30,27,0,0,0,0,0,0,0,0,0,0,0
17094-william-peace,27,25,25,14,24,12,28,27,23,26,25,0,0,0,0,0,0,0,0,0,0,0,0,0,0
172-dartmouth,27,27,26,28,26,0,27,27,27,27,30,28,0,0,0,0,0,0,0,0,0,0,0,0,0
173-davidson,33,32,33,21,33,23,31,32,30,29,30,30,32,35,32,28,0,0,0,32,29,0,0,0,0
174-davis-&-elkins,29,27,26,27,28,15,29,28,28,29,27,27,29,0,0,0,0,0,0,0,0,0,0,0,0
175-dayton,31,31,31,28,32,19,33,31,30,32,29,35,31,31,30,33,33,0,0,0,0,0,0,0,0
176-depaul,32,32,32,33,32,24,33,34,0,0,0,0,0,0,0,0,0,0,0,0,0,0,0,0,0
177-depauw,29,27,30,27,0,0,0,0,0,0,0,0,0,0,0,0,0,0,0,0,0,0,0,0,0
178-delaware-state,30,29,28,25,24,15,30,0,0,0,0,0,0,0,0,0,0,0,0,0,0,0,0,0,0
179-delaware-valley,25,25,25,26,22,9,25,25,25,25,27,27,27,11,0,0,0,0,0,0,0,0,0,0,0
18-alfred,26,26,24,25,25,9,25,25,25,25,25,25,25,25,0,25,25,24,0,0,0,0,0,0,0
180-delaware,32,30,31,6,32,29,29,31,25,26,31,0,0,0,0,0,0,0,0,0,0,0,0,0,0
181-delta-st,29,28,29,29,27,18,30,28,27,28,29,29,30,31,29,0,0,0,0,0,0,0,0,0,0
182-denison,32,26,27,26,23,8,28,27,26,28,28,27,28,26,28,29,0,0,0,0,0,0,0,0,0
183-denver,30,30,30,30,30,23,30,32,30,30,30,31,32,31,31,31,31,31,30,31,28,28,29,30,29
184-detroit-mercy,31,30,33,30,28,14,30,29,30,32,30,30,30,34,34,0,0,0,0,0,0,0,0,0,0
18422-rivier,25,26,27,27,26,0,24,23,21,25,26,25,28,25,28,25,25,26,4,0,2,0,0,0,0
185-dickinson,26,27,27,0,0,0,0,0,0,0,0,0,0,0,0,0,0,0,0,0,0,0,0,0,0
189-drake,32,34,35,32,34,0,0,0,0,0,0,0,0,0,0,0,0,0,0,0,0,0,0,0,0
19-allegheny,26,29,26,26,25,0,0,0,0,0,0,0,26,27,1,0,0,0,0,0,0,0,0,0,0
190-drew,26,27,26,25,24,9,28,25,25,25,25,25,26,25,25,0,0,0,0,0,0,0,0,0,0
191-drexel,32,30,34,31,34,23,30,33,35,33,33,31,31,38,0,0,0,0,0,0,0,0,0,0,0
19117-salem-wv,27,28,31,30,18,5,26,26,26,26,28,28,0,0,0,0,0,0,0,0,0,0,0,0,0
192-dubuque,25,26,27,26,26,13,0,0,0,0,0,0,0,0,0,0,0,0,0,0,0,0,0,0,0
193-duke,36,37,34,33,30,4,30,30,33,34,32,34,35,36,0,0,0,0,0,0,0,0,0,0,0
194-duquesne,31,33,34,31,29,16,31,32,33,34,34,33,32,32,32,33,32,32,30,27,0,0,0,0,0
195-earlham,25,24,23,23,21,7,26,25,26,25,25,25,25,25,25,25,10,0,0,0,0,0,0,0,0
196-east-carolina,32,32,33,33,29,22,30,31,31,30,32,33,31,32,31,0,0,0,0,0,0,0,0,0,0
19651-high-point,33,33,32,32,31,29,29,31,31,30,31,32,33,30,33,31,31,31,30,30,30,0,0,0,0
197-east-stroudsburg,29,28,28,29,25,0,30,28,27,28,28,27,28,27,0,0,0,0,0,0,0,0,0,0,0
198-east-tennessee-state,31,30,0,0,0,0,0,0,0,0,0,0,0,0,0,0,0,0,0,0,0,0,0,0,0
199-tex-a&m-commerce,30,29,31,33,32,18,31,31,30,29,29,28,27,27,26,0,0,0,0,0,0,0,0,0,0
2-abilene-christian,35,34,30,30,30,27,29,33,30,32,30,29,30,2,0,0,0,0,0,0,0,0,0,0,0
20-desales,28,27,29,29,26,9,28,30,27,28,27,26,27,26,26,28,29,28,30,26,28,30,0,0,0
200-eastern-conn-st,26,26,27,28,27,0,28,28,26,29,29,30,27,26,24,0,0,0,0,0,0,0,0,0,0
201-eastern-illinois,31,30,33,29,30,26,31,29,29,28,28,30,28,32,31,0,0,0,0,0,0,0,0,0,0
202-eastern-kentucky,34,33,34,32,31,24,28,29,27,32,30,26,30,30,0,0,0,0,0,0,0,0,0,0,0
20220-msoe,25,27,26,0,0,0,0,0,0,0,0,0,0,0,0,0,0,0,0,0,0,0,0,0,0
203-east-mennonite,25,25,26,0,0,0,0,0,0,0,0,0,0,0,0,0,0,0,0,0,0,0,0,0,0
204-eastern-michigan,29,29,29,30,27,20,31,31,31,31,34,37,32,30,32,0,0,0,0,0,0,0,0,0,0
205-mont-st-billings,35,33,35,33,29,8,30,26,37,28,32,28,33,27,30,28,27,27,0,0,0,0,0,0,0
20576-clayton-state,28,29,28,31,27,15,30,31,29,31,29,29,29,32,33,36,31,0,0,0,0,0,0,0,0
206-eastern-nm,31,31,28,27,24,0,31,30,27,29,27,27,26,29,17,0,0,0,0,0,0,0,0,0,0
207-eastern-washington,33,31,35,30,30,23,30,33,31,33,32,0,0,0,0,0,0,0,0,0,0,0,0,0,0
20794-lynn,29,28,29,32,25,0,28,27,27,27,27,25,9,15,12,12,10,7,9,7,5,4,3,2,2
208-eckerd,32,28,32,32,26,0,29,32,30,32,26,31,27,26,26,28,0,0,0,0,0,0,0,0,0
209-edinboro,33,32,29,29,26,0,28,29,31,30,30,28,33,29,31,0,0,0,0,0,0,0,0,0,0
21-alma,26,26,26,0,0,0,0,0,0,0,0,0,0,0,0,0,0,0,0,0,0,0,0,0,0
210-elizabeth-city-st,27,25,31,31,28,0,28,30,0,0,0,0,0,0,0,0,0,0,0,0,0,0,0,0,0
211-elizabethtown,28,28,27,28,26,0,25,26,25,25,23,25,25,26,25,0,0,0,0,0,0,0,0,0,0
212-elmhurst,25,25,26,24,25,13,25,26,26,26,26,26,26,25,25,0,0,0,0,0,0,0,0,0,0
213-elmira,27,26,24,26,25,6,25,25,25,25,25,25,26,25,0,0,0,0,0,0,0,0,0,0,0
21323-chestnut-hill,30,29,29,29,31,0,29,27,29,27,27,26,26,26,26,0,0,0,0,0,0,0,0,0,0
214-emerson,26,26,25,0,0,0,0,0,0,0,0,0,0,0,0,0,0,0,0,0,0,0,0,0,0
215-emmanuel-ma,29,27,0,0,0,0,0,0,0,0,0,0,0,0,0,0,0,0,0,0,0,0,0,0,0
217-emory,25,25,0,0,0,0,0,0,0,0,0,0,0,0,0,0,0,0,0,0,0,0,0,0,0
21830-piedmont,27,28,25,28,27,19,28,29,29,27,28,26,26,24,0,0,0,0,0,0,0,0,0,0,0
21852-stevenson,25,25,25,0,0,0,0,0,0,0,0,0,0,0,0,0,0,0,0,0,0,0,0,0,0
219-evansville,35,32,32,30,30,23,29,30,30,31,31,32,31,0,0,0,0,0,0,0,0,0,0,0,0
22-american-international,27,0,0,0,26,9,29,30,28,29,32,32,27,27,28,29,29,34,29,0,0,0,0,0,0
220-fairfield,33,33,33,30,32,16,30,31,30,31,31,31,0,0,0,0,0,0,0,0,0,0,0,0,0
221-fdu-florham,25,25,24,20,22,9,25,25,29,29,28,31,33,28,26,0,0,0,0,0,0,0,0,0,0
222-fairleigh-dickinson,35,33,31,32,31,24,30,30,30,30,32,30,29,29,31,0,0,0,0,0,0,0,0,0,0
22235-lewis-&-clark,25,25,24,25,25,0,24,25,26,26,25,25,0,29,29,0,0,0,0,0,0,0,0,0,0
223-fayetteville-st,27,29,32,25,25,0,29,29,27,0,0,0,0,0,0,0,0,0,0,0,0,0,0,0,0
225-ferrum,30,27,26,27,0,0,0,0,0,0,0,0,0,0,0,0,0,0,0,0,0,0,0,0,0
22626-jwu-providence,28,26,25,0,0,0,0,0,0,0,0,0,0,0,0,0,0,0,0,0,0,0,0,0,0
228-florida-a&m,31,29,30,29,28,0,27,0,0,0,0,0,0,0,0,0,0,0,0,0,0,0,0,0,0
229-florida-atlantic,32,32,30,30,30,22,30,30,28,29,30,30,29,29,30,28,29,29,28,31,31,0,0,0,0
22989-lyon,26,25,27,26,33,17,32,33,0,0,0,0,0,0,0,0,0,0,0,0,0,0,0,0,0
23-american,30,30,30,31,32,11,30,33,33,31,31,33,32,29,31,31,31,0,0,0,0,0,0,0,0
230-florida-tech,28,26,31,24,25,9,29,28,27,29,30,16,0,0,0,0,0,0,0,0,0,0,0,0,0
23008-ozarks,26,26,27,25,22,15,25,26,25,25,23,25,26,0,0,0,0,0,0,0,0,0,0,0,0
231-fiu,33,30,33,33,31,28,29,29,29,29,31,29,33,32,34,32,0,0,0,0,0,0,0,0,0
23121-texas-dallas,27,24,26,29,23,17,29,30,29,29,26,31,27,29,27,27,26,26,26,25,25,25,24,25,25
23157-felician,32,29,26,0,0,0,0,0,0,0,0,0,0,0,0,0,0,0,0,0,0,0,0,0,0
23260-spalding,27,26,26,25,26,7,27,27,25,24,26,27,27,0,0,0,0,0,0,0,0,0,0,0,0
233-fla-southern,31,27,29,29,30,8,30,33,29,30,32,27,27,27,31,31,5,4,0,0,0,0,0,0,0
234-florida-st,31,33,34,33,31,19,0,0,0,0,0,0,0,0,0,0,0,0,0,0,0,0,0,0,0
235-florida,33,35,32,34,32,26,30,31,30,31,31,30,0,0,0,0,0,0,0,0,0,0,0,0,0
236-fordham,30,30,29,32,29,18,32,34,34,34,31,33,33,35,30,31,30,29,29,28,28,0,0,0,0
237-fort-valley-st,27,27,26,25,24,11,27,26,27,27,27,29,28,2,0,0,0,0,0,0,0,0,0,0,0
23725-medaille,0,0,0,24,25,2,24,25,26,27,25,26,26,26,29,0,0,0,0,0,0,0,0,0,0
239-franklin-&-marshall,25,25,25,0,0,0,0,0,0,0,0,0,0,0,0,0,0,0,0,0,0,0,0,0,0
24-amherst,26,28,25,25,29,0,28,29,33,33,32,29,30,32,33,12,7,5,0,0,0,0,0,0,0
241-franklin-pierce,27,27,31,29,27,2,26,26,26,26,27,30,28,29,29,21,30,7,0,0,0,0,0,0,0
242-fredonia,25,24,25,23,26,0,25,27,25,26,27,24,25,24,25,0,0,0,0,0,0,0,0,0,0
243-frostburg-st,31,30,29,32,28,16,28,26,26,26,25,25,25,0,25,0,0,0,0,0,0,0,0,0,0
244-furman,31,32,31,30,34,25,31,32,32,31,30,31,31,30,18,1,2,0,2,0,0,0,0,0,0
24400-concordia-tx,25,25,24,25,26,10,26,25,27,26,26,25,26,26,0,0,0,0,0,0,0,0,0,0,0
245-gallaudet,23,29,27,25,25,0,25,27,27,25,27,25,27,24,24,28,26,6,1,1,0,0,1,2,0
246-gannon,34,35,39,34,31,14,31,31,29,28,28,29,32,36,29,0,0,0,0,0,0,0,0,0,0
24639-nova-southeastern,33,34,31,30,28,0,28,33,27,29,31,33,34,32,0,0,0,0,0,0,0,0,0,0,0
247-suny-geneseo,29,31,28,27,0,0,0,0,0,0,0,0,0,0,0,0,0,0,0,0,0,0,0,0,0
248-george-mason,33,33,31,31,29,22,30,30,34,29,0,0,0,0,0,0,0,0,0,0,0,0,0,0,0
249-george-washington,36,31,31,31,31,23,30,30,33,29,33,33,0,0,0,0,0,0,0,0,0,0,0,0,0
25-angelo-st,27,30,32,33,28,14,28,32,30,32,31,27,27,26,0,0,0,0,0,0,0,0,0,0,0
251-georgetown,31,31,35,31,29,17,30,35,0,0,0,0,0,0,0,0,0,0,0,0,0,0,0,0,0
253-georgia-southern,31,34,33,31,28,24,30,29,30,30,29,29,31,31,0,0,0,0,30,31,0,0,0,0,0
254-georgia-state,31,33,30,33,26,24,29,0,0,0,0,0,0,0,0,0,0,0,0,0,0,0,0,0,0
257-georgia,32,32,30,34,31,28,31,29,33,28,0,0,0,0,0,0,0,0,0,0,0,0,0,0,0
258-gettysburg,28,31,28,28,29,0,28,28,29,28,25,25,26,28,0,0,0,0,0,0,0,0,0,0,0
259-rowan,26,26,26,29,26,0,0,0,0,0,0,0,0,0,0,0,0,0,0,0,0,0,0,0,0
260-gonzaga,34,34,36,33,34,27,31,34,33,33,33,34,34,33,34,36,34,34,34,34,30,0,0,0,0
261-grambling,32,30,33,30,31,20,29,32,33,34,30,28,31,0,30,0,0,0,0,0,0,0,0,0,0
26172-a&m-corpus-christi,29,32,32,31,29,0,0,0,0,0,0,0,0,0,0,0,0,0,0,0,0,0,0,0,0
262-grand-valley-st,37,38,34,34,34,20,31,33,33,30,36,28,0,0,0,0,0,0,0,0,0,0,0,0,0
263-greensboro,26,24,26,28,27,15,26,26,27,27,25,29,0,0,4,0,0,0,0,0,0,0,0,0,0
264-grinnell,24,27,24,23,22,0,25,24,22,23,24,23,23,23,23,0,0,0,0,0,0,0,0,0,0
265-grove-city,26,27,25,26,26,10,28,30,28,27,26,28,26,23,25,26,26,0,0,0,0,0,0,0,0
266-gust-adolphus,27,31,0,0,0,0,0,0,0,0,0,0,0,0,0,0,0,0,0,0,0,0,0,0,0
267-hamilton,25,24,25,23,22,0,24,22,24,22,24,24,24,23,0,0,0,0,0,0,0,0,0,0,0
2678-arkansas-pine-bluff,31,28,33,31,29,21,29,24,29,30,25,29,27,31,0,0,0,0,0,0,0,0,0,0,0
268-hamline,26,27,25,27,26,6,26,25,25,25,25,25,25,26,25,0,0,0,0,0,0,0,0,0,0
2683-belmont-abbey,28,31,31,28,27,27,30,31,28,28,29,30,31,27,28,4,2,0,0,0,0,0,0,0,0
2694-franklin,28,26,27,0,0,0,0,0,0,0,0,0,0,0,0,0,0,0,0,0,0,0,0,0,0
2696-hawaii-pacific,28,26,26,28,26,14,30,32,30,28,28,30,28,1,20,0,0,0,0,0,0,0,0,0,0
2697-hawaii-hilo,27,26,26,26,24,12,26,26,23,23,25,24,24,1,0,0,0,0,0,0,0,0,0,0,0
2699-iupui,31,30,30,30,29,20,31,32,32,33,32,31,33,32,32,0,0,0,0,0,0,0,0,0,0
27-appalachian-state,30,30,32,31,26,27,30,36,31,31,30,0,0,0,0,0,0,0,0,0,0,0,0,0,0
270-hampton,31,31,29,30,28,15,29,30,32,33,31,32,33,34,31,0,0,0,0,0,0,0,0,0,0
2707-kansas-city,30,33,42,32,32,22,31,0,0,0,0,0,0,0,0,0,0,0,0,0,0,0,0,0,0
271-hardin-simmons,30,27,30,0,0,0,0,0,0,0,0,0,0,0,0,0,0,0,0,0,0,0,0,0,0
2711-north-florida,30,31,30,27,30,25,31,29,31,30,30,30,28,30,30,0,0,0,0,0,0,0,0,0,0
2713-oglethorpe,26,27,26,25,0,0,0,0,0,0,0,0,0,0,0,0,0,0,0,0,0,0,0,0,0
272-hartford,27,26,25,27,0,0,0,0,0,0,0,0,0,0,0,0,0,0,0,0,0,0,0,0,0
2720-colorado-st-pueblo,28,29,32,29,32,16,27,29,32,32,32,0,0,0,0,0,0,0,0,0,0,0,0,0,0
273-hartwick,25,24,27,24,25,0,26,28,25,26,24,25,28,30,0,0,0,0,0,0,0,0,0,0,0
2730-york-ny,19,21,19,24,18,0,26,25,24,25,26,25,26,26,25,0,0,0,0,0,0,0,0,0,0
2741-howard-payne,27,26,25,24,25,17,26,26,26,26,28,27,26,27,26,0,0,0,0,0,0,0,0,0,0
2743-incarnate-word,30,32,30,29,30,15,29,29,29,29,29,29,27,27,0,0,0,0,0,0,0,0,0,0,0
2746-lake-erie,26,26,26,0,0,0,0,0,0,0,0,0,0,0,0,0,0,0,0,0,0,0,0,0,0
275-harvard,32,29,28,32,27,0,22,29,28,30,28,28,30,30,30,27,22,1,0,0,0,0,0,0,0
2751-pacific-or,25,25,26,27,27,0,26,25,24,25,25,25,0,0,0,0,0,0,0,0,0,0,0,0,0
2755-southwest-baptist,26,26,28,28,30,19,28,28,29,29,29,27,29,8,0,0,0,0,0,0,0,0,0,0,0
2758-thomas-me,26,25,25,25,21,3,25,25,24,25,25,25,26,25,25,23,24,24,24,4,1,1,1,0,0
2759-western-colo,27,29,27,27,27,20,27,27,28,26,24,26,26,26,31,0,0,0,0,0,0,0,0,0,0
276-haverford,25,25,25,26,26,0,28,29,28,26,26,27,28,24,27,25,13,0,0,0,0,0,0,0,0
277-hawaii,33,32,31,33,30,17,30,32,30,30,32,31,31,31,0,0,0,0,0,0,0,0,0,0,0
278-heidelberg,24,25,25,25,25,13,25,25,25,26,27,27,25,25,25,25,26,25,26,0,0,0,0,0,0
27854-minn-crookston,29,29,28,29,23,16,27,29,27,28,28,28,25,26,26,0,0,0,0,0,0,0,0,0,0
27892-farmingdale-st,27,27,26,0,0,0,0,0,0,0,0,0,0,0,0,0,0,0,0,0,0,0,0,0,0
279-lehman,28,26,26,26,20,0,25,24,27,26,28,26,27,26,27,0,0,0,0,0,0,0,0,0,0
28-arizona-state,0,32,31,28,26,24,31,33,35,33,0,0,0,0,0,0,0,0,0,0,0,0,0,0,0
280-hillsdale,27,31,0,0,0,0,0,0,0,0,0,0,0,0,0,0,0,0,0,0,0,0,0,0,0
2807-roosevelt,28,27,29,0,26,2,2,2,2,0,0,1,1,0,0,0,0,0,0,0,0,0,0,0,0
281-hiram,25,27,26,26,25,4,26,26,26,26,26,26,25,26,26,0,0,0,0,0,0,0,0,0,0
2810-st-thomas-tx,24,24,25,24,22,8,25,2,0,0,0,0,0,0,0,0,0,0,0,0,0,0,0,0,0
2814-washburn,32,31,29,28,30,24,30,30,30,29,29,28,27,29,34,0,0,0,0,0,0,0,0,0,0
283-hofstra,33,30,32,32,28,20,30,33,30,31,34,33,0,0,0,0,0,0,0,0,0,0,0,0,0
284-hollins,26,24,24,24,20,0,26,25,26,26,25,26,26,26,25,25,0,0,0,0,0,0,0,0,0
285-holy-cross,33,31,34,33,31,15,30,0,0,0,0,0,0,0,0,0,0,0,0,0,0,0,0,0,0
28593-birmingham-southern,0,26,26,26,23,17,26,26,26,28,28,26,25,26,26,24,0,0,0,0,0,0,0,0,0
286-hope,30,26,30,0,0,0,0,0,0,0,0,0,0,0,0,0,0,0,0,0,0,0,0,0,0
28600-lipscomb,30,32,30,32,30,22,30,29,31,30,30,29,30,29,29,0,0,0,0,0,0,0,0,0,0
287-houston-baptist,0,0,0,0,27,22,29,28,28,28,29,33,29,1,0,0,0,0,0,0,0,0,0,0,0
287-houston-christian,29,29,29,29,0,0,0,0,0,0,0,0,0,0,0,0,0,0,0,0,0,0,0,0,0
28749-transylvania,29,28,32,33,28,20,28,30,27,28,25,28,29,27,27,28,25,5,3,4,0,0,0,0,0
28755-florida-gulf-coast,32,34,34,37,33,29,33,33,36,35,39,34,34,34,32,32,31,31,31,35,31,0,0,0,0
288-houston,30,30,30,31,34,25,31,31,0,0,0,0,0,0,0,0,0,0,0,0,0,0,0,0,0
29-arizona,30,33,34,32,29,27,31,37,30,30,32,30,30,30,32,33,31,31,30,0,0,0,0,0,0
290-howard,34,34,31,30,31,19,31,31,30,29,31,31,26,28,0,0,2,0,0,0,0,0,0,0,0
291-cal-poly-humboldt,29,28,26,26,0,0,0,0,0,0,0,0,0,0,0,0,0,0,0,0,0,0,0,0,0
291-humboldt-st,0,0,0,0,23,0,28,27,32,27,28,29,26,28,27,0,0,0,0,0,0,0,0,0,0
2915-wofford,29,29,30,32,31,24,30,31,30,29,29,30,29,29,31,30,29,29,31,29,28,0,0,0,0
292-hunter,28,28,27,29,24,0,28,28,28,26,27,27,30,27,27,0,0,0,0,0,0,0,0,0,0
294-idaho-st,30,31,30,30,31,26,31,31,32,33,33,30,31,31,32,30,0,0,0,0,0,0,0,0,0
295-idaho,35,30,31,30,32,24,31,34,33,34,34,29,34,0,0,0,0,0,0,0,0,0,0,0,0
296-benedictine-il,26,27,26,25,27,7,28,25,27,26,26,28,26,22,26,0,0,0,0,0,0,0,0,0,0
297-illinois-col,25,25,26,26,21,12,25,25,24,23,23,24,23,23,0,0,0,0,0,0,0,0,0,0,0
299-illinois-state,38,34,34,33,33,25,29,31,30,31,30,30,0,0,0,0,0,0,0,0,0,0,0,0,0
3-adelphi,26,30,29,26,24,0,30,28,30,32,30,32,31,28,26,0,0,0,0,0,0,0,0,0,0
30-arkansas-st,37,32,30,32,28,21,30,0,0,0,0,0,0,0,0,0,0,0,0,0,0,0,0,0,0
300-ill-wesleyan,29,30,29,27,29,10,29,28,29,28,27,25,27,26,33,31,30,31,27,28,27,11,25,29,25
30002-trevecca-nazarene,29,28,31,0,0,0,0,0,0,0,0,0,0,0,0,0,0,0,0,0,0,0,0,0,0
30013-lee,28,32,32,33,33,23,30,32,32,31,30,31,31,0,0,0,0,0,0,0,0,0,0,0,0
30024-utah-valley,31,32,29,30,31,20,28,30,30,31,31,30,30,30,30,29,32,27,28,28,27,0,0,0,0
30028-texas-tyler,33,30,36,35,28,14,26,24,26,27,32,0,0,0,0,0,0,0,0,0,0,0,0,0,0
30029-purchase,25,25,25,0,24,0,25,27,25,24,25,0,0,0,0,0,0,0,0,0,0,0,0,0,0
30031-northwestern-st-paul,24,30,26,28,29,23,26,27,27,28,31,31,28,26,25,0,0,0,0,0,0,0,0,0,0
30032-finlandia,0,0,0,24,23,6,27,25,26,23,27,23,23,25,0,0,0,0,0,0,0,0,0,0,0
30035-crown-mn,32,27,31,25,21,6,25,25,25,25,25,24,23,21,22,0,0,0,0,0,0,0,0,0,0
30036-mount-aloysius,26,27,26,26,25,2,25,26,25,26,26,24,28,0,0,0,0,0,0,0,0,0,0,0,0
30037-trine,29,29,30,30,32,17,29,29,30,28,27,25,25,26,0,0,0,0,0,0,0,0,0,0,0
30038-bethany-lutheran,26,26,25,25,27,7,27,28,27,27,26,25,25,25,26,0,0,0,0,0,0,0,0,0,0
30039-north-central-mn,31,31,29,32,29,22,26,25,0,0,0,0,0,0,0,0,0,0,0,0,0,0,0,0,0
30040-me-presque-isle,24,23,25,26,23,5,24,25,22,24,24,24,25,25,23,0,0,0,0,0,0,0,0,0,0
30041-salem-nc,22,22,25,23,24,0,24,25,25,25,26,20,26,28,21,25,23,25,19,0,0,0,0,0,0
30044-penn-st-berks,25,23,23,22,23,0,26,22,22,22,24,24,23,24,24,26,29,28,25,26,0,0,0,0,0
30045-palm-beach-atl,29,29,29,26,27,11,27,26,26,26,26,26,26,25,26,28,24,31,27,0,0,0,0,0,0
30047-keystone,24,26,25,26,26,0,28,27,25,25,24,27,25,27,25,0,0,0,0,0,0,0,0,0,0
30049-central-st-oh,29,27,28,27,24,0,30,29,29,28,29,30,6,0,0,0,0,0,0,0,0,0,0,0,0
30050-ill-springfield,6,28,29,28,28,21,28,26,26,26,26,26,26,26,26,0,0,0,0,0,0,0,0,0,0
30050-illinois-springfield,28,28,29,28,28,21,28,26,26,26,26,26,26,26,26,0,0,0,0,0,0,0,0,0,0
30051-king-tn,28,29,29,30,26,17,29,28,30,31,31,29,28,27,25,30,0,0,0,0,0,0,0,0,0
30052-north-georgia,32,34,29,30,33,20,31,35,34,29,29,30,30,30,26,28,0,0,0,0,0,0,0,0,0
30054-newman,28,28,28,28,28,22,28,31,29,29,27,26,27,27,29,0,0,0,0,0,0,0,0,0,0
30055-cal-st-monterey-bay,28,28,27,27,19,0,24,26,27,27,27,27,25,29,30,0,0,0,0,0,0,0,0,0,0
30056-notre-dame-de-namur,0,0,0,0,0,0,28,26,28,28,28,27,26,26,26,0,0,0,0,0,0,0,0,0,0
30058-claflin,25,26,28,26,26,0,27,29,30,27,28,28,28,2,0,0,0,0,0,0,0,0,0,0,0
30063-seton-hill,31,31,29,32,32,0,29,30,30,29,29,29,27,32,0,0,0,0,0,0,0,0,0,0,0
30064-saint-vincent,28,26,25,27,22,10,26,27,29,28,28,27,29,0,0,0,0,0,0,0,0,0,0,0,0
30065-nvu-lyndon,26,25,25,0,0,0,0,0,0,0,0,0,0,0,0,0,0,0,0,0,0,0,0,0,0
30067-suny-morrisville,25,25,26,28,27,0,28,26,26,28,27,28,25,25,25,0,0,0,0,0,0,0,0,0,0
30069-franciscan,25,25,25,24,24,10,25,24,23,24,24,25,23,25,24,22,0,16,0,0,0,0,0,0,0
30072-st-josephs-brkln,25,24,25,24,24,0,28,26,26,25,26,29,28,27,27,0,30,26,0,0,0,0,0,0,0
30073-william-smith,25,25,25,25,25,0,26,26,26,26,24,24,26,27,25,27,24,25,29,28,28,28,26,24,27
30075-mary,33,28,33,27,30,14,33,18,5,0,31,29,27,30,29,26,27,0,0,0,0,0,0,0,0
30080-point-park,27,28,28,27,25,0,3,3,1,0,0,4,2,1,5,3,0,1,0,0,0,0,0,0,0
30081-penn-st-harrisburg,27,27,29,27,25,0,26,26,25,25,25,25,25,25,26,26,27,25,23,0,0,0,0,0,0
30083-suny-cobleskill,26,29,27,26,25,2,26,25,25,26,25,23,24,23,0,0,0,0,0,0,0,0,0,0,0
30084-geneva,26,25,28,26,25,10,24,24,26,0,0,0,0,0,0,0,0,0,0,0,0,0,0,0,0
30085-lancaster-bible,27,25,25,24,25,11,26,25,26,29,29,30,30,29,0,0,0,0,0,0,0,0,0,0,0
30088-tex-permian-basin,29,29,31,28,28,18,28,27,28,27,29,28,0,1,0,0,0,0,0,0,0,0,0,0,0
30090-texas-a&m-international,26,28,32,30,29,16,28,27,28,27,27,26,28,26,0,0,0,0,0,0,0,0,0,0,0
30092-flagler,28,28,29,28,29,14,26,29,27,26,27,26,27,28,26,26,27,29,30,29,29,27,0,0,0
30093-aum,28,28,30,28,25,15,28,28,28,26,0,0,0,0,0,0,0,0,0,0,0,0,0,0,0
30094-brevard-college,28,26,26,26,26,12,24,25,25,26,26,26,26,26,26,28,27,27,27,0,0,0,0,0,0
30095-dixie-st,0,0,0,6,29,3,30,26,27,26,26,26,28,28,26,28,25,27,27,28,0,0,0,0,0
30095-utah-tech,29,31,32,31,0,0,0,0,0,0,0,0,0,0,0,0,0,0,0,0,0,0,0,0,0
301-illinois,34,32,34,32,27,23,30,30,31,31,30,31,30,0,0,0,0,0,0,0,0,0,0,0,0
30105-ark-fort-smith,28,29,29,28,25,9,29,28,31,29,29,29,26,26,0,0,0,0,0,0,0,0,0,0,0
30111-covenant,25,24,24,26,22,23,26,26,26,25,25,0,25,24,19,12,3,1,0,0,0,0,0,0,0
30114-penn-st-abington,27,26,28,24,24,0,23,26,26,26,25,28,21,25,24,0,0,0,0,0,0,0,0,0,0
30118-dominican-ca,29,34,30,29,28,7,28,28,30,28,29,26,27,26,28,0,0,0,0,0,0,0,0,0,0
30119-ohio-dominican,28,28,28,0,0,0,0,0,0,0,0,0,0,0,0,0,0,0,0,0,0,0,0,0,0
30120-william-jewell,26,26,28,30,26,23,28,27,26,27,29,27,27,28,8,0,0,0,0,0,0,0,0,0,0
30123-academy-of-art,0,28,26,25,29,7,26,25,28,28,33,29,31,32,0,0,0,0,0,0,0,0,0,0,0
30124-cedarville,31,29,27,26,29,25,29,30,30,30,30,31,28,30,0,0,0,0,0,0,0,0,0,0,0
30125-minot-st,30,30,32,28,26,14,27,29,27,29,29,29,28,27,26,0,0,0,0,0,0,0,0,0,0
30126-notre-dame-oh,0,0,30,29,29,18,31,29,32,28,30,32,27,26,28,0,0,0,0,0,0,0,0,0,0
30127-simon-fraser,29,27,31,23,26,0,31,28,29,34,27,28,30,31,0,0,0,0,0,0,0,0,0,0,0
30128-sioux-falls,29,31,27,28,28,14,32,31,29,30,0,0,0,0,0,0,0,0,0,0,0,0,0,0,0
30134-black-hills-st,29,29,27,31,28,23,28,27,32,26,29,27,29,26,23,32,0,0,0,0,0,0,0,0,0
30135-california-baptist,34,31,32,35,32,27,31,30,29,38,32,36,0,0,0,0,0,0,0,0,0,0,0,0,0
30136-lindenwood-mo,33,33,28,26,27,20,28,29,33,30,29,27,27,25,27,0,0,0,0,0,0,0,0,0,0
30137-malone,32,30,30,31,27,21,30,29,26,30,27,26,31,26,0,0,0,0,0,0,0,0,0,0,0
30138-mckendree,27,26,29,28,26,21,28,28,26,28,29,26,23,26,30,0,0,0,0,0,0,0,0,0,0
30139-south-dakota-mines,28,27,28,28,28,19,27,26,29,28,24,24,26,25,25,29,30,29,29,31,29,32,0,0,0
30140-ursuline,27,28,28,29,26,21,28,28,29,31,28,29,0,0,0,0,0,0,0,0,0,0,0,0,0
30141-walsh,30,28,27,0,0,0,0,0,0,0,0,0,0,0,0,0,0,0,0,0,0,0,0,0,0
30146-azusa-pacific,33,29,33,31,29,17,30,34,32,30,32,29,0,0,0,0,0,0,0,0,0,0,0,0,0
30147-fresno-pacific,27,28,30,27,24,12,30,29,28,28,25,25,26,25,0,0,0,0,0,0,0,0,0,0,0
30149-point-loma,30,31,31,30,29,14,29,30,30,30,29,32,28,0,0,0,0,0,0,0,0,0,0,0,0
30150-roberts-wesleyan,24,24,24,23,30,19,28,32,30,34,36,27,29,30,35,0,0,0,0,0,0,0,0,0,0
30151-shorter,29,28,28,27,22,20,26,27,26,26,28,30,26,0,0,0,0,0,0,0,0,0,0,0,0
30152-southern-nazarene,27,31,33,32,30,20,27,30,26,27,25,26,26,31,34,0,0,0,0,0,0,0,0,0,0
30153-union-tn,35,36,33,31,31,25,31,31,36,29,32,32,31,31,0,0,0,0,0,0,0,0,0,0,0
30154-young-harris,30,31,30,29,27,12,29,28,29,26,26,26,26,26,26,24,0,0,0,0,0,0,0,0,0
30160-houghton,31,29,28,29,25,3,25,25,26,25,25,25,25,26,0,0,0,0,0,0,0,0,0,0,0
30163-sarah-lawrence,26,25,25,23,23,4,25,25,23,0,0,0,0,0,0,0,0,0,0,0,0,0,0,0,0
30164-southern-va,29,29,29,0,0,0,0,0,0,0,0,0,0,0,0,0,0,0,0,0,0,0,0,0,0
30165-suny-canton,26,27,27,26,25,4,25,26,26,25,24,22,24,21,22,0,0,0,0,0,0,0,0,0,0
30166-valley-forge,22,24,24,23,21,0,0,0,0,0,0,0,0,0,0,0,0,0,0,0,0,0,0,0,0
30170-alfred-st,27,26,25,23,25,0,0,0,0,0,0,0,0,0,0,0,0,0,0,0,0,0,0,0,0
30171-berea,26,26,28,29,28,0,29,28,27,29,27,26,0,0,0,0,0,0,0,0,0,0,0,0,0
30174-daemen,30,30,31,25,27,17,28,28,29,26,26,29,26,33,31,0,0,0,0,0,0,0,0,0,0
30175-holy-names,0,0,0,27,26,0,26,28,28,26,28,0,0,0,0,0,0,0,0,0,0,0,0,0,0
30177-lubbock-christian,31,37,31,35,35,23,31,37,33,30,35,28,0,0,0,0,0,0,0,0,0,0,0,0,0
30178-northwestern-okla,32,30,31,26,29,20,28,30,28,28,28,0,0,0,0,0,0,0,0,0,0,0,0,0,0
30179-okla-christian,27,26,26,26,23,15,27,28,28,29,29,26,0,0,0,0,0,0,0,0,0,0,0,0,0
30180-rogers-st,28,28,28,28,28,22,28,28,27,28,26,26,26,34,34,33,32,32,31,0,0,0,0,0,0
30181-uva-wise,29,28,29,29,28,20,28,29,27,32,28,30,28,0,0,0,0,0,0,0,0,0,0,0,0
30188-bryn-athyn,0,28,25,24,23,4,25,24,25,26,26,25,22,0,0,0,0,0,0,0,0,0,0,0,0
30190-penn-college,27,26,26,26,23,0,24,25,24,25,22,25,25,0,0,0,0,0,0,0,0,0,0,0,0
30192-southern-wesleyan,28,28,29,29,28,17,27,28,25,25,28,31,33,3,4,2,0,0,0,0,0,0,0,0,0
30193-emmanuel-ga,28,28,28,24,28,17,30,31,30,30,32,30,37,0,0,0,0,0,0,0,0,0,0,0,0
30197-belhaven,26,27,26,0,0,0,0,0,0,0,0,0,0,0,0,0,0,0,0,0,0,0,0,0,0
30198-cal-st-san-marcos,27,28,34,31,26,0,30,28,26,25,25,32,33,32,33,0,0,0,0,0,0,0,0,0,0
30199-concordia-ca,28,27,27,28,27,0,0,0,0,0,0,0,0,0,0,0,0,0,0,0,0,0,0,0,0
302-illinois-chicago,32,33,34,36,27,19,29,29,30,29,30,0,0,0,0,0,0,0,0,0,0,0,0,0,0
30202-okla-baptist,28,29,29,30,28,21,28,28,29,26,31,0,0,0,0,0,0,0,0,0,0,0,0,0,0
30209-westminster-ut,26,27,28,30,26,19,31,30,26,26,26,29,29,33,32,35,34,34,33,0,0,0,0,0,0
30219-dean,25,25,24,23,19,0,25,26,25,30,30,0,0,0,0,0,0,0,0,0,0,0,0,0,0
30220-biola,27,29,29,28,29,13,30,28,26,31,31,33,31,33,33,0,0,0,0,0,0,0,0,0,0
30221-davenport,28,28,28,28,28,20,28,27,28,35,34,33,36,37,35,38,34,34,34,0,0,0,0,0,0
30222-purdue-northwest,28,28,29,29,26,19,28,26,0,0,0,0,0,0,0,0,0,0,0,0,0,0,0,0,0
30236-warren-wilson,25,24,26,13,23,7,22,29,26,29,29,28,26,18,0,0,0,0,0,0,0,0,0,0,0
30240-allen,28,27,27,27,24,0,0,0,0,0,0,0,0,0,0,0,0,0,0,0,0,0,0,0,0
30243-asbury,31,31,29,30,28,20,29,0,0,0,0,0,0,0,0,0,0,0,0,0,0,0,0,0,0
30244-edward-waters,29,25,27,0,0,0,0,0,0,0,0,0,0,0,0,0,0,0,0,0,0,0,0,0,0
30259-usc-beaufort,28,26,25,0,0,0,0,0,0,0,0,0,0,0,0,0,0,0,0,0,0,0,0,0,0
30260-westmont,30,29,28,29,31,16,30,32,33,34,33,34,30,33,35,30,31,31,30,30,30,29,31,33,11
30262-jessup,27,28,29,26,30,18,32,31,29,26,30,0,0,0,0,0,0,0,0,0,0,0,0,0,0
30263-vanguard,31,26,27,29,0,0,0,0,0,0,0,0,0,0,0,0,0,0,0,0,0,0,0,0,0
30266-uc-merced,29,26,27,26,26,0,0,0,0,0,0,0,0,0,0,0,0,0,0,0,0,0,0,0,0
30267-jamestown,26,30,32,31,31,26,31,30,8,3,0,0,0,0,0,0,0,0,0,0,0,0,0,0,0
303-immaculata,28,26,26,27,27,2,26,27,25,26,25,27,28,0,0,0,0,0,0,0,0,0,0,0,0
305-indiana-state,32,32,32,30,31,20,30,30,30,30,30,30,32,0,0,0,0,0,0,0,0,0,0,0,0
306-indiana,32,33,32,32,33,27,32,34,37,34,33,0,0,0,0,0,0,0,0,0,0,0,0,0,0
307-indiana-pa,35,31,29,28,30,0,31,34,34,31,30,29,28,32,30,0,0,0,0,0,0,0,0,0,0
308-purdue-fort-wayne,35,33,36,28,28,23,29,29,28,29,30,30,30,30,30,31,30,30,30,29,28,0,0,0,0
309-uindy,28,28,28,30,27,22,29,28,28,30,30,28,32,29,30,0,0,0,0,0,0,0,0,0,0
310-iona,32,32,30,33,27,15,30,31,30,31,35,30,0,0,0,0,0,0,0,0,0,0,0,0,0
31091-spring-hill,28,28,24,26,28,8,29,28,28,26,26,26,0,0,0,0,0,0,0,0,0,0,0,0,0
311-iowa-state,32,35,33,32,35,28,29,35,31,31,0,0,0,0,0,0,0,0,0,0,0,0,0,0,0
312-iowa,7,34,39,39,32,30,30,34,31,33,33,34,0,0,0,0,0,0,0,0,0,0,0,0,0
313-ithaca,25,27,27,29,29,0,29,31,29,29,27,29,33,30,0,0,0,0,0,0,0,0,0,0,0
314-jackson-st,31,31,33,31,30,23,29,32,0,0,0,0,0,0,0,0,0,0,0,0,0,0,0,0,0
315-jacksonville-st,32,30,29,30,32,24,30,30,31,28,27,29,32,27,29,0,0,0,0,0,0,0,0,0,0
316-jacksonville,33,31,31,28,29,21,30,30,25,32,32,28,29,0,29,32,0,0,0,0,0,0,0,0,0
317-james-madison,35,35,35,34,29,24,29,35,34,35,33,33,35,36,37,34,33,34,34,32,31,0,0,0,0
319-new-jersey-city,25,26,28,29,23,11,27,25,21,25,24,25,25,25,25,0,0,0,0,0,0,0,0,0,0
32-arkansas-little-rock,31,30,30,31,27,26,31,32,33,34,33,34,30,33,32,31,34,33,32,31,28,0,0,0,0
320-john-carroll,31,26,26,26,28,15,28,28,26,25,26,27,27,27,25,0,0,0,0,0,0,0,0,0,0
321-john-jay,27,27,27,28,25,0,27,26,25,27,26,25,25,26,25,27,0,0,0,0,0,0,0,0,0
322-johns-hopkins,29,29,30,28,27,0,26,28,27,25,25,25,26,27,29,28,25,27,23,0,30,26,28,28,27
323-johnson-c-smith,25,27,26,26,24,0,0,0,0,0,0,0,0,0,0,0,0,0,0,0,0,0,0,0,0
326-kalamazoo,26,25,0,0,0,0,0,0,0,0,0,0,0,0,0,0,0,0,0,0,0,0,0,0,0
327-kansas-state,37,33,34,36,33,27,29,33,34,34,32,33,30,37,34,32,32,33,32,34,0,0,0,0,0
328-kansas,36,30,0,0,0,0,0,0,0,0,0,0,0,0,0,0,0,0,0,0,0,0,0,0,0
329-kean,22,27,27,26,25,10,26,28,24,25,26,25,30,23,28,29,31,30,32,31,29,25,27,27,29
330-keene-st,29,27,25,23,24,10,26,25,26,29,29,29,26,26,29,26,14,16,0,0,0,0,0,0,0
331-kent-state,31,33,32,32,31,20,30,33,32,32,29,30,30,30,22,0,0,0,0,0,0,0,0,0,0
332-kentucky-st,27,27,28,27,23,9,26,30,28,26,24,28,27,23,27,0,0,0,0,0,0,0,0,0,0
333-ky-wesleyan,27,26,28,30,29,24,31,32,27,27,27,29,29,29,30,0,0,0,0,0,0,0,0,0,0
334-kentucky,0,0,32,31,31,27,30,33,32,33,33,34,35,0,0,0,0,0,0,0,0,0,0,0,0
335-kenyon,25,24,26,26,26,0,26,26,27,27,27,25,26,28,27,27,27,0,0,0,0,0,0,0,0
336-kings-pa,25,25,25,25,26,0,27,26,26,24,25,25,25,27,30,0,0,0,0,0,0,0,0,0,0
337-knox,26,25,27,28,24,3,26,25,25,23,23,23,23,23,23,0,0,0,0,0,0,0,0,0,0
339-kutztown,29,34,30,30,33,0,29,31,30,31,26,28,28,28,28,0,0,0,0,0,0,0,0,0,0
340-lasalle,33,33,30,31,28,26,30,31,30,30,30,31,30,29,31,0,0,0,0,0,0,0,0,0,0
341-la-verne,25,24,24,0,0,0,0,0,0,0,0,0,0,0,0,0,0,0,0,0,0,0,0,0,0
342-lafayette,30,31,30,29,30,13,29,31,30,0,0,0,0,0,0,0,0,0,0,0,0,0,0,0,0
344-lake-forest,25,25,25,0,0,0,0,0,0,0,0,0,0,0,0,0,0,0,0,0,0,0,0,0,0
345-lake-superior-st,29,28,0,0,0,0,0,0,0,0,0,0,0,0,0,0,0,0,0,0,0,0,0,0,0
346-lamar,31,30,31,32,29,24,29,31,30,30,31,30,31,33,31,33,34,31,32,30,27,0,0,0,0
347-lane,28,28,27,25,26,0,27,31,27,27,27,25,22,25,24,0,0,0,0,0,0,0,0,0,0
348-lawrence,27,26,26,25,22,0,25,24,25,21,23,20,20,13,14,0,0,0,0,0,0,0,0,0,0
349-le-moyne,33,31,33,28,25,0,28,32,28,28,27,31,28,26,26,26,27,28,28,28,28,28,25,28,0
35-ashland,27,36,33,37,32,25,30,32,37,37,33,34,27,38,34,29,0,0,0,0,0,0,0,0,0
350-lemoyne-owen,24,30,26,28,24,0,28,25,23,28,26,27,24,27,25,0,0,0,0,0,0,0,0,0,0
351-lebanon-valley,26,26,26,26,26,11,25,27,28,26,27,30,28,29,30,0,0,0,0,0,0,0,0,0,0
352-lehigh,32,27,30,31,30,16,30,31,30,30,31,31,31,0,0,0,0,0,0,0,0,0,0,0,0
354-lewis,30,30,32,32,31,22,31,32,32,32,31,34,29,30,28,0,0,0,0,0,0,0,0,0,0
355-liberty,31,33,34,33,33,0,0,32,34,30,33,33,0,0,0,0,0,0,0,0,0,0,0,0,0
356-lincoln-mo,27,26,28,28,28,22,28,28,27,26,28,26,26,27,28,0,0,0,0,0,0,0,0,0,0
357-lincoln-pa,27,29,25,28,30,4,29,31,29,29,25,31,28,28,29,0,0,0,0,0,0,0,0,0,0
358-west-alabama,26,26,28,29,28,18,26,29,29,29,26,26,27,29,1,0,0,0,0,0,0,0,0,0,0
359-livingstone,28,28,23,28,28,0,28,30,26,27,26,28,27,0,29,26,0,0,0,0,0,0,0,0,0
36-assumption,28,33,31,33,0,0,0,0,0,0,0,0,0,0,0,0,0,0,0,0,0,0,0,0,0
360-lock-haven,28,29,33,28,28,0,28,29,26,26,27,27,26,26,25,0,0,0,0,0,0,0,0,0,0
361-long-island,32,30,30,29,27,18,30,0,0,0,0,0,0,0,0,0,0,0,0,0,0,0,0,0,0
363-longwood,31,34,30,30,34,25,30,30,30,30,30,30,30,33,0,0,0,0,0,0,0,0,0,0,0
364-loras,25,25,27,29,27,13,29,28,27,27,26,26,28,0,0,0,0,0,0,0,0,0,0,0,0
365-lsu,6,39,38,30,0,22,30,0,0,0,0,0,0,0,0,0,0,0,0,0,0,0,0,0,0
366-louisiana-tech,33,32,33,32,33,24,30,30,31,32,30,0,0,0,0,0,0,0,0,0,0,0,0,0,0
367-louisville,37,31,34,10,34,30,32,36,39,37,34,0,0,38,0,0,0,0,0,0,0,0,0,0,0
368-umass-lowell,29,28,29,27,27,21,31,29,30,29,28,29,28,27,27,26,24,0,0,0,0,0,0,0,0
369-loyola-maryland,30,30,31,31,29,13,30,31,30,31,32,30,30,8,0,0,0,0,0,0,0,0,0,0,0
37-auburn,0,0,32,31,28,24,29,32,29,0,0,0,0,0,0,0,0,0,0,0,0,0,0,0,0
370-loyola-marymount,31,30,30,30,30,26,31,33,3,0,0,0,0,0,0,0,0,0,0,0,0,0,0,0,0
371-loyola-chicago,34,30,31,30,30,27,29,31,30,30,30,0,0,0,0,0,0,0,0,0,0,0,0,0,0
372-luther,27,27,26,27,27,11,25,0,0,0,0,0,0,0,0,0,0,0,0,0,0,0,0,0,0
373-lycoming,25,25,25,25,25,6,26,27,25,26,26,25,25,25,24,24,0,23,24,25,0,0,0,0,0
374-lynchburg,25,24,27,0,0,0,0,0,0,0,0,0,0,0,0,0,0,0,0,0,0,0,0,0,0
376-macalester,24,25,25,25,26,4,25,25,25,25,25,25,25,25,25,0,0,0,0,0,0,0,0,0,0
377-macmurray,25,29,26,0,0,0,25,25,24,25,0,0,0,0,0,0,0,0,0,0,0,0,0,0,0
378-maine-maritime,27,28,27,29,24,3,26,26,28,26,27,26,27,26,27,27,26,0,0,0,0,0,0,0,0
379-me-farmington,29,25,24,23,0,0,0,0,0,0,0,0,0,0,0,0,0,0,0,0,0,0,0,0,0
38-augsburg,25,25,23,25,27,6,27,27,24,26,25,27,25,25,25,0,0,0,0,0,0,0,0,0,0
380-maine,32,31,34,30,32,20,32,33,33,34,35,33,32,28,31,31,0,0,0,0,0,0,0,0,0
381-manhattan,31,31,29,33,32,20,29,31,31,30,31,30,30,0,0,0,0,0,0,0,0,0,0,0,0
382-manhattanville,27,25,27,25,27,0,26,25,25,25,26,25,25,24,24,26,27,29,25,26,25,0,0,0,0
383-minnesota-st,32,33,37,31,28,16,29,27,30,27,27,31,29,32,29,26,28,34,32,28,28,27,28,0,0
384-mansfield,28,27,28,26,26,0,28,26,29,26,26,26,26,26,26,0,0,0,0,0,0,0,0,0,0
385-marietta,26,26,28,30,28,12,27,27,29,27,25,26,25,26,26,0,0,0,0,0,0,0,0,0,0
386-marist,31,31,31,30,29,22,30,33,34,32,32,33,0,0,0,0,0,0,0,0,0,0,0,0,0
387-marquette,30,30,32,32,34,26,32,34,0,0,0,0,0,0,0,0,0,0,0,0,0,0,0,0,0
388-marshall,37,35,33,31,28,19,30,32,0,0,0,0,0,0,0,0,0,0,0,0,0,0,0,0,0
389-mary-baldwin,24,0,25,21,25,10,25,27,25,25,24,25,25,24,25,26,7,3,0,0,0,0,0,0,0
39-augusta,31,29,31,29,27,13,29,28,26,26,33,27,26,27,0,0,0,0,0,0,0,0,0,0,0
390-mary-washington,27,27,0,0,0,0,0,0,0,0,0,0,0,0,0,0,0,0,0,0,0,0,0,0,0
391-umbc,32,29,29,29,25,0,0,0,0,0,0,0,0,0,0,0,0,0,0,0,0,0,0,0,0
392-maryland,33,32,29,35,32,29,32,34,34,35,35,37,0,0,0,0,0,0,0,0,0,0,0,0,0
393-maryland-eastern-shore,35,31,30,30,27,0,31,31,0,0,0,0,0,0,0,0,0,0,0,0,0,0,0,0,0
394-marymount-va,26,24,28,0,0,0,0,0,0,0,0,0,0,0,0,0,0,0,0,0,0,0,0,0,0
395-maryville-mo,32,31,30,28,27,22,28,28,24,27,25,29,31,29,31,0,0,0,0,0,0,0,0,0,0
396-maryville-tn,25,26,26,27,25,14,28,27,27,28,30,30,29,29,0,0,0,0,0,0,0,0,0,0,0
397-marywood,27,27,24,25,23,0,25,27,28,27,28,27,26,0,0,0,0,0,0,0,0,0,0,0,0
398-mit,26,28,27,27,22,0,27,29,28,26,26,26,26,24,24,0,0,0,0,0,0,0,0,0,0
4-adrian,25,26,24,26,25,19,25,25,24,24,24,25,25,24,24,25,0,0,0,0,0,0,0,0,0
40-augustana-il,25,25,27,28,25,10,27,26,25,26,25,25,25,0,0,0,0,0,0,0,0,0,0,0,0
400-massachusetts,30,30,32,16,33,24,31,32,29,28,30,30,31,29,29,30,0,0,0,0,0,0,0,0,0
401-umass-boston,26,26,23,26,23,0,25,26,29,25,27,28,26,26,26,25,4,5,0,0,0,0,0,0,0
402-mcneese-state,35,31,31,31,28,22,29,29,30,31,33,32,33,36,0,0,0,0,0,0,0,0,0,0,0
403-medgar-evers,24,21,22,23,0,0,24,25,25,26,25,25,25,26,24,0,0,0,0,0,0,0,0,0,0
404-memphis,31,30,30,33,28,19,31,31,30,30,31,31,29,32,0,0,0,0,0,0,0,0,0,0,0
405-menlo,27,27,29,1,0,0,0,0,0,0,0,0,0,0,0,0,0,0,0,0,0,0,0,0,0
406-mercer,30,30,32,28,30,26,31,33,33,32,33,35,31,32,0,0,0,0,0,0,0,0,0,0,0
407-mercy,31,28,30,27,27,9,27,28,28,26,28,28,26,26,0,0,0,0,0,0,0,0,0,0,0
408-mercyhurst,32,27,29,28,28,17,28,28,28,31,28,28,26,27,0,0,0,0,0,0,0,0,0,0,0
409-meredith,26,25,26,0,0,0,0,0,0,0,0,0,0,0,0,0,0,0,0,0,0,0,0,0,0
41-augustana-sd,28,28,27,31,24,17,28,33,33,31,32,31,28,35,31,0,0,0,0,0,0,0,0,0,0
410-merrimack,32,31,31,31,26,15,29,30,27,0,0,0,0,0,0,0,0,0,0,0,0,0,0,0,0
411-messiah,29,28,29,29,27,11,29,30,30,28,27,26,29,0,0,0,0,0,0,0,0,0,0,0,0
412-methodist,26,27,27,25,25,12,25,25,25,26,24,26,27,26,27,0,0,0,0,0,0,0,0,0,0
413-msu-denver,29,28,27,30,31,18,29,29,32,30,28,26,27,31,31,0,0,0,0,0,0,0,0,0,0
414-miami-ohio,35,31,29,31,29,24,31,32,0,0,0,0,0,0,0,0,0,0,0,0,0,0,0,0,0
415-miami,5,28,31,35,33,0,0,0,0,0,0,0,0,0,0,0,0,0,0,0,0,0,0,0,0
416-michigan-state,32,32,31,30,30,24,30,33,33,33,34,31,0,0,0,0,0,0,0,0,0,0,0,0,0
417-michigan-tech,29,29,0,0,0,0,0,0,0,0,0,0,0,0,0,0,0,0,0,0,0,0,0,0,0
418-michigan,35,32,34,33,32,22,32,34,33,37,35,35,34,33,32,30,35,30,33,30,29,0,0,0,0
419-middle-tennessee,33,35,35,33,35,25,30,32,31,34,33,34,0,0,0,0,0,0,0,0,0,0,0,0,0
42-aurora,27,25,27,26,24,8,26,25,26,25,28,26,26,25,25,0,0,0,0,0,0,0,0,0,0
420-middlebury,24,25,26,26,23,0,0,0,0,0,0,0,0,0,0,0,0,0,0,0,0,0,0,0,0
422-miles,31,29,30,29,26,11,28,26,30,24,29,25,24,25,0,0,0,0,0,0,0,0,0,0,0
423-millersville,29,29,30,30,27,0,27,28,30,29,28,27,27,29,27,0,0,0,0,0,0,0,0,0,0
424-millikin,25,27,29,29,30,14,26,25,25,25,25,25,25,24,26,0,0,0,0,0,0,0,0,0,0
426-millsaps,29,27,29,27,24,14,27,27,26,24,28,0,0,0,0,0,0,0,0,0,0,0,0,0,0
427-minn-duluth,32,28,29,36,29,16,32,30,27,28,26,27,27,0,0,0,0,0,0,0,0,0,0,0,0
428-minnesota,33,36,36,27,33,21,31,32,33,31,32,33,0,0,0,0,0,0,0,0,0,0,0,0,0
429-mississippi-college,27,29,28,27,28,12,27,26,26,26,25,26,25,25,26,0,0,0,0,0,0,0,0,0,0
43-austin-peay,33,31,33,29,33,23,30,30,30,30,30,30,29,28,31,33,0,0,0,0,0,0,0,0,0
430-mississippi-state,31,32,35,33,29,19,33,36,39,39,36,34,36,30,30,30,34,33,31,32,0,0,0,0,0
431-muw,24,25,22,18,18,3,23,5,0,0,0,0,0,0,0,0,0,0,0,0,0,0,0,0,0
432-mississippi-val,0,0,0,0,5,20,29,30,30,30,29,30,30,32,0,0,0,0,0,0,0,0,0,0,0
432-mississippi-valley-state,31,31,31,25,27,20,29,30,30,30,29,30,30,32,0,0,0,0,0,0,0,0,0,0,0
433-mississippi,36,30,56,34,32,27,30,31,31,29,30,29,32,29,30,29,32,32,29,35,29,0,0,0,0
434-missouri,34,32,30,32,31,22,31,35,32,33,32,33,31,30,5,0,0,0,0,0,0,0,0,0,0
435-missouri-s&t,26,27,30,29,27,21,27,25,26,26,25,26,27,28,27,28,28,29,31,28,28,26,0,0,0
436-missouri-st-louis,31,28,29,26,29,20,29,27,27,28,27,28,29,27,0,0,0,0,0,0,0,0,0,0,0
437-molloy,30,31,27,25,27,9,31,28,28,33,29,27,28,0,0,0,0,0,0,0,0,0,0,0,0
438-monmouth-il,25,25,25,25,24,0,28,27,25,23,23,23,25,25,26,0,0,0,0,0,0,0,0,0,0
439-monmouth,33,31,32,34,30,18,31,31,31,31,31,31,33,0,0,0,0,0,0,0,0,0,0,0,0
44-averett,24,25,26,25,25,12,27,27,27,27,26,26,25,26,26,0,0,0,0,0,0,0,0,0,0
440-montana-state,35,34,33,31,35,24,31,31,31,32,31,30,30,30,0,0,0,0,0,0,0,0,0,0,0
441-montana,31,32,33,30,30,23,30,30,31,30,31,0,0,0,0,0,0,0,0,0,0,0,0,0,0
442-montclair-st,26,29,25,25,24,10,28,26,29,29,29,33,31,30,27,27,26,26,30,28,28,27,28,25,25
444-morehead-state,33,30,30,32,28,23,30,35,32,31,30,0,0,0,0,0,0,0,0,0,0,0,0,0,0
446-morgan-st,31,30,30,29,26,16,30,31,31,29,29,30,30,30,1,0,0,0,0,0,0,0,0,0,0
45-babson,27,26,28,0,0,0,0,0,0,0,0,0,0,0,0,0,0,0,0,0,0,0,0,0,0
450-mount-st-marys,30,31,31,31,29,24,31,31,29,30,30,30,33,31,30,27,0,0,0,0,0,0,0,0,0
451-cmsv,25,27,29,24,24,0,25,23,23,27,26,28,28,25,24,0,0,0,0,0,0,0,0,0,0
452-mount-union,27,25,26,25,24,14,26,26,26,27,28,0,27,27,30,30,0,0,0,0,0,0,0,0,0
453-muhlenberg,25,25,25,26,25,0,25,26,26,28,28,29,26,26,0,0,0,0,0,0,0,0,0,0,0
454-murray-state,35,32,32,31,32,27,30,30,30,29,28,29,28,29,0,0,0,0,0,0,0,0,0,0,0
456-unc-asheville,30,31,31,31,32,25,30,32,33,34,0,0,0,0,0,0,0,0,0,0,0,0,0,0,0
457-north-carolina,36,34,42,33,32,24,30,33,31,31,0,0,0,0,0,0,0,0,0,0,0,0,0,0,0
458-charlotte,32,32,31,31,32,22,30,31,30,31,0,0,0,0,0,0,0,0,0,0,0,0,0,0,0
459-unc-greensboro,30,32,33,30,28,24,32,30,31,35,30,30,30,31,29,29,30,31,31,30,30,0,0,0,0
46-baldwin-wallace,29,30,0,0,0,0,0,0,0,0,0,0,0,0,0,0,0,0,0,0,0,0,0,0,0
460-uncw,31,32,30,30,29,21,30,30,31,31,30,30,0,0,0,0,0,0,0,0,0,0,0,0,0
461-nazareth,27,27,26,27,27,12,25,26,25,25,26,26,25,0,25,0,0,0,0,0,0,0,0,0,0
462-neb-wesleyan,25,25,21,24,24,9,24,26,25,26,25,25,25,0,0,0,0,0,0,0,0,0,0,0,0
463-nebraska,6,33,35,33,33,26,30,0,0,0,0,0,0,0,0,0,0,0,0,0,0,0,0,0,0
464-omaha,32,31,31,32,26,20,30,29,28,31,30,28,0,0,0,0,0,0,0,0,0,0,0,0,0
465-unlv,32,34,33,34,33,24,30,30,7,0,0,0,0,0,0,0,0,0,0,0,0,0,0,0,0
466-nevada,31,32,32,31,33,22,31,31,36,30,30,30,31,31,30,33,0,0,0,0,0,0,0,0,0
467-new-england-col,26,25,26,0,0,0,0,0,0,0,0,0,0,0,0,0,0,0,0,0,0,0,0,0,0
468-southern-nh,27,28,28,30,28,0,29,29,29,28,27,28,26,26,29,28,0,0,0,0,0,0,0,0,0
469-new-hampshire,30,30,29,28,28,20,29,30,31,32,30,29,31,30,30,29,30,0,0,0,0,0,0,0,0
47-ball-state,33,27,34,35,33,25,31,30,32,32,32,31,34,0,0,0,0,0,0,0,0,0,0,0,0
470-new-haven,29,28,27,27,26,0,27,30,26,26,28,32,28,27,26,26,29,29,30,0,0,0,0,0,0
471-new-jersey-institute-of-technology,32,30,30,29,30,18,29,30,30,30,30,29,29,0,0,0,0,0,0,0,0,0,0,0,0
472-new-mexico-state,30,34,31,35,29,21,30,33,31,31,31,0,0,0,0,0,0,0,0,0,0,0,0,0,0
474-new-orleans,30,29,30,28,23,21,29,28,30,29,27,27,29,0,0,0,0,0,0,0,0,0,0,0,0
475-suny-new-paltz,29,27,29,29,27,0,29,30,27,29,28,27,25,28,27,27,28,25,27,0,0,0,0,0,0
479-nyu,30,31,31,28,27,0,27,27,29,27,27,27,26,0,0,0,0,0,0,0,0,0,0,0,0
48-charleston-southern,30,30,30,30,29,23,30,32,31,31,30,30,29,27,32,29,0,0,0,0,0,0,0,0,0
480-ccny,24,19,21,25,18,0,26,27,26,28,27,26,26,25,0,0,0,0,0,0,0,0,0,0,0
482-niagara,29,28,35,31,30,11,31,31,31,30,31,31,30,31,0,0,0,0,0,0,0,0,0,0,0
483-nicholls-state,31,31,32,29,26,25,29,32,33,30,29,30,31,30,31,0,0,0,0,0,0,0,0,0,0
484-nichols,25,25,26,26,27,10,25,25,25,25,26,25,26,25,26,24,24,30,29,28,28,26,25,26,25
485-norfolk-state,33,35,33,33,29,14,30,32,29,30,27,30,28,29,29,0,0,0,0,0,0,0,0,0,0
487-north-alabama,31,30,30,30,29,25,30,30,29,29,27,27,0,0,0,0,0,0,0,0,0,0,0,0,0
488-nc-a&t,30,31,34,30,29,17,29,0,0,0,0,0,0,0,0,0,0,0,0,0,0,0,0,0,0
489-north-carolina-central,29,30,31,31,25,16,30,31,30,29,28,29,30,30,30,0,0,0,0,0,0,0,0,0,0
49-barry,27,29,28,29,26,11,27,29,30,27,28,31,27,28,27,27,31,28,29,28,29,28,28,28,27
490-nc-state,32,32,38,32,36,25,32,34,35,32,31,33,33,23,35,31,34,30,34,0,0,0,0,0,0
491-nc-wesleyan,26,25,28,0,0,0,0,0,0,0,0,0,0,0,0,0,0,0,0,0,0,0,0,0,0
492-north-central-il,26,25,26,24,26,13,27,25,25,25,26,28,25,26,25,0,0,0,0,0,0,0,0,0,0
493-north-dakota-state,34,31,34,30,29,24,30,29,29,30,29,29,30,0,0,0,0,0,0,0,0,0,0,0,0
494-north-dakota,31,31,30,32,30,21,30,31,0,0,0,0,0,0,0,0,0,0,0,0,0,0,0,0,0
496-north-park,25,25,25,25,25,0,0,0,0,0,0,0,0,0,0,0,0,0,0,0,0,0,0,0,0
497-north-texas,33,31,32,31,30,19,31,34,0,0,0,0,0,0,0,0,0,0,0,0,0,0,0,0,0
498-louisiana-monroe,33,30,35,30,29,23,29,29,30,0,0,0,0,0,0,0,0,0,0,0,0,0,0,0,0
499-truman-state,29,31,28,30,29,22,28,30,26,28,30,26,30,28,27,27,27,27,29,27,28,26,27,27,27
5-akron,31,31,29,30,29,21,30,31,30,30,33,31,33,32,32,0,0,0,0,0,0,0,0,0,0
50-bates,30,27,30,24,26,2,25,24,24,24,24,24,24,24,24,25,25,25,4,0,0,0,0,0,0
500-northeastern,29,28,27,31,32,20,29,32,31,31,31,29,30,30,30,30,30,31,0,0,0,0,0,0,0
501-northern-arizona,32,35,35,35,31,29,31,31,30,30,30,30,29,29,29,29,0,0,0,0,0,0,0,0,0
502-northern-colorado,34,31,31,31,31,26,31,32,32,30,29,35,0,0,0,0,0,0,0,0,0,0,0,0,0
502260-iit,25,25,24,25,25,0,25,24,22,21,24,24,13,0,0,0,0,0,0,0,0,0,0,0,0
503-northern-illinois,30,30,31,33,29,24,30,32,28,33,30,1,0,0,0,0,0,0,0,0,0,0,0,0,0
504-northern-iowa,32,33,32,33,34,30,29,33,33,33,35,32,0,0,0,0,0,0,0,0,0,0,0,0,0
505-northern-kentucky,32,32,31,31,29,19,32,29,31,31,33,33,31,28,28,23,30,32,0,0,0,0,0,0,0
505160-talladega,27,17,0,0,0,0,0,0,0,0,0,0,0,0,0,0,0,0,0,0,0,0,0,0,0
506-northern-michigan,33,32,32,28,28,19,29,33,29,29,29,27,29,27,27,26,32,28,26,0,0,0,0,0,0
507-northwest-missouri-state,30,30,31,30,29,22,30,28,27,27,27,28,27,28,28,34,29,27,1,30,28,30,0,0,0
508-northwestern-state,32,32,30,29,26,20,29,29,29,30,31,34,34,30,29,0,0,0,0,0,0,0,0,0,0
509-northwestern,29,27,0,30,29,25,30,36,32,31,35,20,0,0,0,0,0,0,0,0,0,0,0,0,0
51-baylor,34,36,34,33,35,31,30,38,33,37,38,37,0,0,0,0,0,0,0,0,0,0,0,0,0
511-norwich,26,24,24,0,0,0,0,0,0,0,0,0,0,0,0,0,0,0,0,0,0,0,0,0,0
513-notre-dame,0,35,34,34,0,0,0,0,0,0,0,0,0,0,0,0,0,0,0,0,0,0,0,0,0
514-oakland,31,31,29,30,30,24,30,30,0,0,0,0,0,0,0,0,0,0,0,0,0,0,0,0,0
515-oberlin,26,26,26,28,25,0,26,26,29,27,26,26,26,26,26,0,0,0,0,0,0,0,0,0,0
516-occidental,25,25,29,0,0,0,0,0,0,0,0,0,0,0,0,0,0,0,0,0,0,0,0,0,0
518-ohio-state,35,33,32,36,32,20,33,26,0,0,0,0,0,0,0,0,0,0,0,0,0,0,0,0,0
519-ohio,32,29,30,29,30,0,0,0,0,0,0,0,0,0,0,0,0,0,0,0,0,0,0,0,0
52-bellarmine,32,33,29,31,28,22,29,29,28,30,28,27,27,30,0,0,0,0,0,0,0,0,0,0,0
520-ohio-wesleyan,27,29,30,29,28,10,27,27,25,26,26,28,27,26,0,0,0,0,0,0,0,0,0,0,0
521-oklahoma-state,34,32,30,33,29,28,30,30,32,32,30,0,0,0,0,0,0,0,0,0,0,0,0,0,0
522-oklahoma,34,32,42,42,34,24,30,0,0,0,0,0,0,0,0,0,0,0,0,0,0,0,0,0,0
523-old-dominion,0,0,32,34,34,24,30,0,0,0,0,0,0,0,0,0,0,0,0,0,0,0,0,0,0
524-old-westbury,21,25,24,23,22,0,26,26,27,27,29,25,25,26,27,0,0,0,0,0,0,0,0,0,0
526-suny-oneonta,27,26,26,27,27,0,26,26,27,26,27,27,26,26,28,28,27,26,29,26,29,29,0,0,0
527-oral-roberts,30,33,32,31,31,21,31,31,29,29,30,34,29,31,31,34,0,0,0,0,0,0,0,0,0
528-oregon-state,35,35,35,31,31,20,32,34,33,35,0,0,0,0,0,0,0,0,0,0,0,0,0,0,0
529-oregon,36,30,32,35,32,24,33,38,38,37,35,30,32,31,31,30,0,0,0,0,0,0,0,0,0
53-beloit,25,25,25,25,24,0,25,25,0,0,0,0,0,0,0,0,0,0,0,0,0,0,0,0,0
530-oswego-st,26,27,26,25,24,0,24,25,25,25,25,25,25,27,26,26,0,0,0,0,0,0,0,0,0
531-otterbein,29,27,25,27,25,13,26,27,27,26,26,25,25,0,0,0,0,0,0,0,0,0,0,0,0
533-pace,27,29,30,30,32,0,29,28,29,29,28,28,26,27,29,33,30,29,28,33,29,30,28,27,30
534-pacific,30,34,34,32,29,22,31,32,31,31,30,30,31,34,32,0,0,0,0,0,0,0,0,0,0
536-ut-rio-grande-valley,35,32,29,30,33,20,30,33,30,32,32,34,30,1,0,0,0,0,0,0,0,0,0,0,0
537-unc-pembroke,28,31,31,32,29,15,27,28,27,27,26,26,26,28,28,27,0,0,0,0,0,0,0,0,0
539-penn-state,6,28,35,31,29,24,30,30,0,0,0,0,0,0,0,0,0,0,0,0,0,0,0,0,0
54-bemidji-st,26,26,26,0,0,0,0,0,0,0,0,0,0,0,0,0,0,0,0,0,0,0,0,0,0
540-pennsylvania,27,28,28,29,26,0,27,31,31,30,29,30,29,31,28,28,28,11,29,27,27,0,0,0,0
541-pepperdine,34,30,30,30,25,23,31,34,30,0,0,0,0,0,0,0,0,0,0,0,0,0,0,0,0
542-pfeiffer,26,24,24,23,25,10,25,22,25,27,27,27,26,32,26,5,1,0,0,0,0,0,0,0,0
543-jefferson,29,32,34,33,33,0,31,30,32,29,32,31,28,27,29,3,3,0,0,0,0,0,0,0,0
545-pittsburgh,31,32,32,30,30,19,31,31,30,30,31,32,31,0,0,0,0,0,0,0,0,0,0,0,0
546-pitt-johnstown,27,27,28,30,30,0,29,29,27,28,28,26,27,0,0,0,0,0,0,0,0,0,0,0,0
547-plattsburgh-st,27,26,24,25,25,0,25,25,25,25,25,26,29,27,0,0,0,0,0,0,0,0,0,0,0
548-plymouth-st,25,25,25,23,22,5,25,24,26,25,26,26,24,25,24,25,0,0,0,0,0,0,0,0,0
549-pomona-pitzer,26,27,25,0,0,0,0,0,0,0,0,0,0,0,0,0,0,0,0,0,0,0,0,0,0
55-benedict,28,27,28,27,31,14,30,27,27,30,32,30,30,31,28,0,0,0,0,0,0,0,0,0,0
550-portland-state,31,28,31,31,29,25,32,33,32,33,30,29,28,29,29,0,0,0,0,0,0,0,0,0,0
551-portland,35,35,34,32,31,27,32,30,30,30,30,30,30,0,32,0,0,0,0,0,0,0,0,0,0
552-suny-potsdam,25,25,24,24,24,0,24,24,25,24,25,25,25,25,25,25,0,0,0,0,0,0,0,0,0
553-prairie-view-a&m,30,29,29,30,29,16,31,31,31,31,28,32,32,14,0,0,0,0,0,0,0,0,0,0,0
554-princeton,30,29,35,30,30,0,27,32,30,30,0,0,0,0,0,0,0,0,0,0,0,0,0,0,0
555-principia,27,29,27,24,20,0,22,22,2,0,23,19,18,16,24,0,0,0,0,0,0,0,0,0,0
556-providence,34,32,34,32,30,21,32,35,31,30,29,30,29,30,29,29,34,23,29,29,27,0,0,0,0
557-puget-sound,26,26,29,26,25,11,26,25,25,29,27,29,26,25,26,26,0,0,0,0,0,0,0,0,0
559-purdue,4,29,34,30,32,23,32,34,34,36,32,31,31,34,34,33,32,36,34,37,0,0,0,0,0
56-bentley,28,35,0,0,0,0,0,0,0,0,0,0,0,0,0,0,0,0,0,0,0,0,0,0,0
560-queens-ny,28,26,27,29,25,0,26,26,27,32,30,30,0,0,0,0,0,0,0,0,0,0,0,0,0
561-quincy,28,33,28,29,29,20,28,27,27,28,31,28,30,27,0,0,0,0,0,0,0,0,0,0,0
562-quinnipiac,34,33,31,30,33,21,29,33,34,36,34,0,0,0,0,1,0,2,1,1,0,0,0,0,0
563-radford,36,31,33,31,30,20,29,33,33,33,31,31,30,30,31,0,0,0,0,0,0,0,0,0,0
564-ramapo,25,25,29,27,22,0,25,24,25,25,25,23,26,27,26,0,0,0,0,0,0,0,0,0,0
565-randolph-macon,29,31,26,0,0,0,0,0,0,0,0,0,0,0,0,0,0,0,0,0,0,0,0,0,0
566-randolph,25,26,27,27,23,9,25,25,25,27,26,26,26,26,25,25,0,0,0,0,0,0,0,0,0
567-redlands,26,26,25,0,0,0,0,0,0,0,0,0,0,0,0,0,0,0,0,0,0,0,0,0,0
568-regis-co,23,28,32,32,28,18,28,29,29,31,29,27,28,27,28,26,27,28,0,0,0,0,0,0,0
570-rensselaer,26,25,24,27,23,0,29,25,25,25,25,25,25,25,26,25,28,25,0,0,24,0,29,28,26
571-rhode-island-college,27,26,30,32,29,11,27,27,26,0,0,0,0,0,0,0,0,0,0,0,0,0,0,0,0
572-rhode-island,33,33,34,33,29,19,29,29,30,28,30,30,30,29,28,0,0,0,0,0,0,0,0,0,0
573-rhodes,25,25,26,29,26,13,27,29,27,26,26,29,29,25,26,0,0,0,0,0,0,0,0,0,0
574-rice,35,34,34,32,27,27,29,32,0,0,0,0,0,0,0,0,0,0,0,0,0,0,0,0,0
575-richmond,34,35,35,32,30,22,32,30,31,30,0,0,0,0,0,0,0,0,0,0,0,0,0,0,0
576-rider,29,29,31,31,30,26,30,32,31,33,30,30,1,0,0,0,0,0,0,0,0,0,0,0,0
577-ripon,29,28,28,27,28,0,27,27,25,24,24,23,0,0,0,0,0,0,0,0,0,0,0,0,0
578-roanoke,26,26,27,26,26,13,27,28,26,26,26,26,26,26,25,27,27,7,6,4,2,0,0,0,0
579-robert-morris,30,31,30,30,28,17,30,33,33,33,33,32,33,29,32,30,32,31,33,32,29,0,0,0,0
58-baruch,26,26,29,26,21,0,25,23,22,24,25,30,29,29,29,0,0,0,0,0,0,0,0,0,0
580-rit,27,27,26,25,24,0,26,28,30,28,27,25,26,25,25,25,0,0,0,0,0,0,0,0,0
581-rochester-ny,25,25,25,25,25,6,25,25,29,27,29,25,25,27,25,27,31,28,28,28,28,27,30,0,0
582-rockford,25,23,26,25,27,8,25,25,25,25,25,25,25,26,25,26,26,26,25,25,0,0,0,0,0
583-roger-williams,26,27,27,29,28,0,27,26,29,27,27,27,29,28,10,10,14,10,26,26,25,26,7,0,0
584-rollins,27,27,27,27,25,2,28,28,26,30,27,28,31,31,34,29,29,31,27,31,30,32,33,30,29
585-rose-hulman,26,26,26,5,21,8,25,27,28,28,27,27,26,26,27,26,24,24,26,26,25,26,26,25,25
587-rutgers,29,31,32,32,31,19,31,32,32,9,16,9,23,17,27,4,0,0,0,0,0,0,0,0,0
588-rutgers-camden,29,25,25,25,20,6,25,26,26,26,26,25,24,0,0,0,0,0,0,0,0,0,0,0,0
589-rutgers-newark,25,25,25,25,23,7,25,29,25,28,25,29,25,29,0,0,0,0,0,0,0,0,0,0,0
59-bethany-wv,27,26,27,26,26,11,26,26,27,26,26,26,26,0,0,0,0,0,0,0,0,0,0,0,0
590-sacred-heart,31,29,34,33,25,0,0,0,0,0,0,0,0,0,0,0,0,0,0,0,0,0,0,0,0
593-st-anselm,23,28,29,27,28,0,28,32,29,29,28,26,27,26,28,27,0,0,0,0,0,0,0,0,0
595-saint-benedict,25,27,26,27,26,9,25,26,27,27,26,25,25,27,25,27,27,30,0,0,0,0,0,0,0
596-st-bonaventure,33,30,30,32,28,0,0,0,0,0,0,0,0,0,0,0,0,0,0,0,0,0,0,0,0
597-st-catherine,25,25,27,23,23,0,26,25,26,25,25,25,25,25,0,0,0,0,0,0,0,0,0,0,0
598-st-cloud-st,29,29,40,27,29,14,30,29,27,27,27,28,27,28,0,0,0,0,0,0,0,0,0,0,0
599-saint-francis-ny,0,0,0,11,30,23,30,33,34,32,31,29,32,33,30,0,0,0,0,0,0,0,0,0,0
599-st-francis-college-brooklyn,0,0,0,30,27,14,29,31,30,30,29,34,29,30,29,0,0,0,0,0,0,0,0,0,0
6-alabama-a&m,33,32,31,29,29,17,30,30,29,27,30,30,30,29,28,0,0,0,0,0,0,0,0,0,0
60-bethel-mn,31,29,26,26,27,8,28,27,26,27,26,28,27,25,0,0,0,0,0,0,0,0,0,0,0
600-saint-francis-pa,30,30,30,29,30,23,30,33,34,32,31,29,32,33,30,0,0,0,0,0,0,0,0,0,0
601-st-john-fisher,26,27,29,29,29,12,28,27,27,26,27,29,26,0,26,0,0,0,0,0,0,0,0,0,0
603-st-johns,34,31,33,32,31,23,31,31,18,33,33,34,34,31,34,33,32,34,33,28,30,0,0,0,0
605-st-josephs-me,28,28,29,29,27,6,28,30,30,29,29,26,29,27,0,27,24,26,3,0,0,1,2,1,0
606-saint-josephs-pa,31,34,34,31,30,17,29,31,34,32,0,0,0,0,0,0,0,0,0,0,0,0,0,0,0
607-st-lawrence,27,26,26,25,27,9,27,25,26,24,26,27,27,0,0,0,0,0,0,0,0,0,0,0,0
608-saint-leo,26,28,28,29,29,6,30,28,29,27,0,0,0,0,0,0,0,0,0,0,0,0,0,0,0
609-saint-louis,33,34,40,35,27,19,32,31,33,34,0,0,0,0,0,0,0,0,0,0,0,0,0,0,0
61-bethune-cookman,33,31,31,30,27,0,29,32,31,32,0,0,0,0,0,0,0,0,0,0,0,0,0,0,0
610-saint-marys-ca,32,31,31,31,33,26,31,33,0,0,0,0,0,0,0,0,0,0,0,0,0,0,0,0,0
611-st-marys-md,29,28,26,25,25,8,25,26,24,25,26,25,25,23,26,0,0,0,0,0,0,0,0,0,0
612-saint-marys-mn,28,25,25,25,26,5,25,26,27,25,27,27,28,27,27,0,0,0,0,0,0,0,0,0,0
613-saint-michaels,29,27,29,0,0,0,0,0,0,0,0,0,0,0,0,0,0,0,0,0,0,0,0,0,0
614-st-norbert,26,27,28,28,29,0,25,26,15,0,0,0,0,0,0,0,0,0,0,0,0,0,0,0,0
615-st-olaf,25,25,24,26,27,3,25,25,25,25,25,25,0,0,0,0,0,0,0,0,0,0,0,0,0
617-saint-peters,30,30,30,30,31,28,30,30,30,30,30,30,30,29,2,0,0,0,0,0,0,0,0,0,0
618-st-scholastica,26,25,24,24,25,9,25,24,26,24,25,26,26,28,26,25,26,26,24,0,0,0,0,0,0
62-binghamton,33,30,31,30,29,16,31,29,32,30,31,30,0,0,0,0,0,0,0,0,0,0,0,0,0
620-st-thomas-mn,32,5,31,30,28,7,27,32,30,32,30,31,0,30,0,0,0,27,0,0,0,0,0,0,0
622-salisbury,28,25,26,0,0,0,0,0,0,0,0,0,0,0,0,0,0,0,0,0,0,0,0,0,0
623-salve-regina,25,26,26,26,25,1,25,26,25,26,26,26,27,29,0,0,0,0,0,0,0,0,0,0,0
624-sam-houston-state,31,30,29,31,31,23,29,29,27,28,32,28,29,0,0,0,0,0,0,0,0,0,0,0,0
625-samford,35,31,30,30,30,25,32,30,31,31,31,30,30,31,0,0,0,0,0,0,0,0,0,0,0
626-san-diego-state,0,0,35,34,31,24,31,32,0,0,0,0,0,0,0,0,0,0,0,0,0,0,0,0,0
627-san-diego,33,31,31,33,32,19,31,30,0,0,0,0,0,0,0,0,0,0,0,0,0,0,0,0,0
628-san-fran-st,28,27,27,28,25,0,25,28,25,27,27,25,28,27,28,0,0,0,0,0,0,0,0,0,0
629-san-francisco,34,31,30,32,33,27,31,31,31,31,30,33,31,31,30,0,0,0,0,0,0,0,0,0,0
630-san-jose-state,0,0,0,31,30,4,31,30,30,32,30,32,30,30,30,29,29,30,30,0,0,0,0,0,0
631-santa-clara,34,31,34,0,0,0,0,0,0,0,0,0,0,0,0,0,0,0,0,0,0,0,0,0,0
632-savannah-st,25,27,26,25,30,7,23,26,30,31,28,32,33,30,0,0,0,0,0,0,0,0,0,0,0
633-scranton,33,31,31,0,0,0,0,0,0,0,0,0,0,0,0,0,0,0,0,0,0,0,0,0,0
634-seattle-pacific,27,31,29,28,30,14,33,29,31,30,27,29,25,0,0,0,0,0,0,0,0,0,0,0,0
635-seton-hall,33,31,40,34,35,21,31,31,32,31,32,0,0,0,0,0,0,0,0,0,0,0,0,0,0
636-shaw,24,27,29,32,24,0,27,29,29,29,32,30,28,28,35,31,27,0,0,0,0,0,0,0,0
637-shenandoah,28,27,29,29,28,11,26,30,27,27,26,26,27,27,26,26,25,0,0,0,0,0,0,0,0
638-shippensburg,28,27,28,32,29,0,30,28,28,31,28,30,27,28,27,0,0,0,0,0,0,0,0,0,0
639-siena,30,31,30,32,29,13,31,30,0,0,0,0,0,0,0,0,0,0,0,0,0,0,0,0,0
642-skidmore,27,27,27,29,24,0,25,26,28,26,25,28,25,26,25,0,0,0,0,0,0,0,0,0,0
643-slippery-rock,26,26,25,28,28,0,28,28,28,28,28,27,26,26,0,0,0,0,0,0,0,0,0,0,0
644-smith,30,34,34,32,28,0,30,29,26,27,26,25,30,28,29,28,0,0,0,0,0,0,0,0,0
645-sonoma-st,0,30,30,29,26,0,28,26,27,27,29,26,26,26,27,0,0,0,0,0,0,0,0,0,0
646-south-alabama,36,30,32,30,26,26,32,36,34,31,30,29,1,0,0,0,0,0,0,0,0,0,0,0,0
647-south-carolina-st,30,31,30,35,29,10,30,30,29,28,29,28,25,29,28,0,0,0,0,0,0,0,0,0,0
648-south-carolina,8,40,39,38,35,31,32,33,36,37,35,37,0,0,0,0,0,0,0,0,0,0,0,0,0
649-south-dakota-state,34,34,33,35,36,25,33,35,33,32,34,0,0,0,0,0,0,35,0,0,0,0,0,0,0
65-bloomsburg,30,30,28,26,29,0,28,30,29,28,27,31,31,30,32,0,0,0,0,0,0,0,0,0,0
650-south-dakota,36,31,36,30,35,25,32,34,36,32,38,34,33,35,31,32,31,29,35,31,28,0,0,0,0
651-south-florida,32,34,33,34,33,23,32,35,34,33,0,0,0,0,0,0,0,0,0,0,0,0,0,0,0
652-sewanee,25,27,26,26,24,0,26,26,25,25,26,25,26,25,24,25,15,3,0,0,0,0,0,0,0
654-southeast-missouri-state,32,29,29,31,0,26,32,30,31,30,30,29,29,0,0,0,0,0,0,0,0,0,0,0,0
655-southeastern-louisiana,29,32,31,31,27,19,29,29,29,29,29,29,30,29,30,0,0,0,0,0,0,0,0,0,0
656-umass-dartmouth,27,28,29,27,28,9,26,27,28,31,27,27,26,27,26,26,8,26,1,0,1,1,0,0,0
657-southern-cal,32,31,35,31,28,23,31,30,31,30,32,30,35,31,30,37,0,0,0,0,0,0,0,0,0
658-southern-conn-st,31,30,32,28,27,0,28,29,31,29,30,29,27,2,0,0,0,0,0,0,0,0,0,0,0
659-southern-ill,30,30,41,31,31,25,29,30,31,31,33,30,30,31,30,30,29,28,30,32,28,27,27,26,0
66-boise-state,34,33,45,43,39,23,33,33,33,33,30,33,32,30,31,31,31,30,32,33,30,0,0,0,0
660-siue,32,29,31,31,31,25,29,29,32,31,31,31,30,31,30,30,29,29,28,29,27,30,28,28,27
661-southern-ind,32,35,32,29,29,16,27,29,31,29,27,32,28,27,26,27,31,27,27,28,30,28,30,29,36
662-southern-me,30,28,27,26,25,6,25,27,27,26,26,26,28,29,28,29,8,9,0,0,0,0,0,0,0
663-southern-methodist,30,30,30,30,29,6,29,30,30,34,31,0,0,0,0,0,0,0,0,0,0,0,0,0,0
664-southern-miss,31,31,34,31,30,19,30,32,0,0,0,0,0,0,0,0,0,0,0,0,0,0,0,0,0
665-southern,34,36,30,33,30,23,30,0,0,0,0,0,0,0,0,0,0,0,0,0,0,0,0,0,0
667-southern-utah,32,30,30,33,30,20,31,31,30,30,30,0,0,0,0,0,0,0,0,0,0,0,0,0,0
669-missouri-st,36,35,33,32,33,26,30,35,33,29,0,0,0,0,0,0,0,0,0,0,0,0,0,0,0
67-boston-college,31,34,33,33,33,19,32,30,30,30,31,29,31,31,29,33,32,0,0,0,0,0,0,0,0
670-texas-state,30,30,32,33,29,22,30,31,33,31,31,32,31,28,30,0,0,0,0,0,0,0,0,0,0
671-louisiana,31,29,31,16,25,24,31,30,33,31,35,35,30,31,0,0,0,0,0,0,0,0,0,0,0
673-springfield,27,26,28,27,29,0,0,0,0,0,0,0,0,0,0,0,0,0,0,0,0,0,0,0,0
674-stanford,0,0,36,35,35,33,33,36,35,38,35,36,37,36,37,36,38,38,39,0,0,0,0,0,0
675-staten-island,30,30,28,30,26,0,25,27,27,29,28,29,29,28,23,25,25,29,0,0,0,0,0,0,0
676-stephen-f-austin,35,34,34,28,33,27,29,32,32,0,0,0,0,0,0,0,0,0,0,0,0,0,0,0,0
678-stetson,32,31,32,33,32,25,30,32,32,33,0,0,0,0,0,0,0,0,0,0,0,0,0,0,0
679-stevens,27,28,26,28,26,3,25,26,28,26,30,27,27,27,28,0,0,0,0,0,0,0,0,0,0
68-boston,31,31,32,33,31,15,30,29,29,30,30,30,33,30,32,31,31,0,0,0,0,0,0,0,0
681-stockton,27,25,26,25,26,6,25,25,27,26,29,29,26,25,0,0,0,0,0,0,0,0,0,0,0
682-stonehill,30,33,0,0,0,0,0,0,0,0,0,0,0,0,0,0,0,0,0,0,0,0,0,0,0
683-stony-brook,33,30,33,31,29,21,31,31,30,30,32,31,33,0,0,0,0,0,0,0,0,0,0,0,0
685-susquehanna,26,26,27,25,24,0,25,24,24,25,25,26,24,25,24,0,0,0,0,0,0,0,0,0,0
686-swarthmore,25,25,26,25,25,0,26,25,25,25,25,25,24,30,23,0,0,0,0,0,0,0,0,0,0
688-syracuse,34,30,32,33,29,24,31,34,31,33,38,32,33,32,0,0,0,0,0,0,0,0,0,0,0
69-bowdoin,28,30,31,25,25,0,29,33,31,26,29,30,27,25,29,0,0,0,0,0,0,0,0,0,0
690-temple,32,31,42,39,28,22,31,30,31,32,35,37,30,32,33,0,0,0,0,0,0,0,0,0,0
691-tennessee-st,29,31,30,29,31,22,28,29,27,26,30,0,0,0,0,0,0,0,0,0,0,0,0,0,0
693-chattanooga,31,32,33,33,30,24,29,31,30,32,32,0,0,0,0,0,0,0,0,0,0,0,0,0,0
694-tennessee,30,33,33,37,34,25,31,32,33,32,0,0,0,0,0,0,0,0,0,0,0,0,0,0,0
695-ut-martin,30,32,33,30,30,28,32,32,34,31,1,0,0,0,0,0,0,0,0,0,0,0,0,0,0
696-tex-a&m-kingsville,26,30,29,29,28,16,24,28,28,28,26,26,27,0,0,0,0,0,0,0,0,0,0,0,0
697-texas-a&m,27,29,32,29,29,28,30,34,36,34,32,33,36,35,35,38,34,35,37,32,32,0,0,0,0
698-texas-christian,38,36,33,30,28,25,29,35,36,0,0,0,0,0,0,0,0,0,0,0,0,0,0,0,0
699-texas-southern,31,33,29,29,26,15,30,29,31,33,30,29,33,32,31,0,0,0,0,0,0,0,0,0,0
7-alabama-state,32,30,29,31,30,19,30,30,30,30,31,32,29,28,28,0,0,0,0,0,0,0,0,0,0
70-bowie-st,29,29,27,26,24,0,30,28,32,28,28,26,25,25,25,0,0,0,0,0,0,0,0,0,0
700-texas-tech,34,34,33,35,30,25,29,31,30,31,0,0,0,0,0,0,0,0,0,0,0,0,0,0,0
701-texas-womans,33,35,39,32,29,14,25,29,27,29,31,29,28,0,0,0,0,0,0,0,0,0,0,0,0
702-texas-arlington,33,32,33,31,28,20,32,32,30,31,31,26,1,0,0,0,0,0,0,0,0,0,0,0,0
703-texas,39,39,38,36,36,31,30,33,35,34,36,35,34,30,32,33,33,32,35,0,28,0,0,0,0
704-texas-el-paso,30,30,31,32,29,25,30,31,31,0,0,0,0,0,0,0,0,0,0,0,0,0,0,0,0
706-ut-san-antonio,0,0,0,32,30,20,29,28,30,30,0,0,0,0,0,0,0,0,0,0,0,0,0,0,0
707-thiel,25,25,25,25,22,9,25,28,25,25,25,26,26,0,0,0,0,0,0,0,0,0,0,0,0
709-toledo,32,33,34,34,35,24,31,32,33,34,30,0,0,0,0,0,0,0,0,0,0,0,0,0,0
71-bowling-green,31,31,31,38,33,29,31,30,30,31,28,30,0,0,0,0,0,0,0,0,0,0,0,0,0
711-towson,31,32,31,33,32,22,29,33,29,30,31,32,0,0,0,0,0,0,0,0,0,0,0,0,0
712-tcnj,28,27,27,0,0,0,0,0,0,0,0,0,0,0,0,0,0,0,0,0,0,0,0,0,0
713-trinity-ct,25,28,27,31,23,0,25,25,25,22,23,24,25,24,24,0,0,0,0,0,0,0,0,0,0
715-trinity-tx,27,28,29,0,0,0,0,0,0,0,0,0,0,0,0,0,0,0,0,0,0,0,0,0,0
716-troy,33,33,34,30,33,28,29,31,31,33,33,31,30,0,0,0,0,0,0,0,0,0,0,0,0
717-tufts,25,26,24,31,0,0,0,0,0,0,0,0,0,0,0,0,0,0,0,0,0,0,0,0,0
718-tulane,31,30,32,32,31,27,31,30,31,33,35,33,31,0,0,0,0,0,0,0,0,0,0,0,0
719-tulsa,37,31,35,30,27,19,30,0,28,31,31,0,0,0,0,0,0,0,0,0,0,0,0,0,0
72-bradley,33,33,32,32,28,29,29,30,31,31,31,30,30,30,34,31,31,31,30,31,28,0,0,0,0
720-tuskegee,28,30,25,30,41,0,29,22,27,26,26,26,28,0,0,0,0,0,0,0,0,0,0,0,0
721-air-force,35,32,32,31,33,26,31,30,0,0,0,0,0,0,0,0,0,0,0,0,0,0,0,0,0
722-coast-guard,26,26,26,0,0,0,0,0,0,0,0,0,0,0,0,0,0,0,0,0,0,0,0,0,0
724-us-merchant-marine,28,27,26,27,27,1,28,26,26,25,25,25,24,25,25,25,1,0,0,0,0,0,0,0,0
725-army,34,31,29,30,29,20,31,30,31,31,32,31,33,31,30,29,0,0,0,0,0,0,0,0,0
726-navy,31,31,31,30,31,12,30,29,33,1,0,0,0,0,0,0,0,0,0,0,0,0,0,0,0
727-union-ny,28,26,27,25,26,0,24,25,24,24,25,26,25,24,25,23,0,0,0,0,0,0,0,0,0
728-upper-iowa,29,27,28,28,27,16,29,31,30,27,29,27,27,30,26,0,0,0,0,0,0,0,0,0,0
73-brandeis,25,25,25,0,0,0,0,0,0,0,0,0,0,0,0,0,0,0,0,0,0,0,0,0,0
730-ursinus,27,26,27,0,0,0,0,0,0,0,0,0,0,0,0,0,0,0,0,0,0,0,0,0,0
731-utah-st,30,31,30,30,30,24,31,32,30,32,31,31,31,32,0,33,0,0,0,0,0,0,0,0,0
732-utah,32,30,34,32,33,21,31,30,32,30,33,30,20,37,8,0,0,0,0,0,0,0,0,0,0
733-utica,25,25,26,25,26,0,26,25,25,25,25,25,25,25,25,0,0,0,0,0,0,0,0,0,0
734-valdosta-st,29,29,33,29,32,22,29,31,32,32,28,29,27,27,30,0,0,0,0,0,0,0,0,0,0
735-valparaiso,32,32,0,0,0,0,0,0,0,0,0,0,0,0,0,0,0,0,0,0,0,0,0,0,0
737-vassar,26,28,28,27,25,0,27,28,27,25,25,25,29,26,28,28,0,0,0,0,0,0,0,0,0
738-vermont,35,34,37,32,31,6,30,29,30,29,30,29,30,31,30,0,0,0,0,0,0,0,0,0,0
739-villanova,33,34,35,37,33,24,30,32,32,35,0,0,0,0,0,0,0,0,0,0,0,0,0,0,0
740-virginia-commonwealth,31,31,32,29,28,27,32,34,28,31,33,29,32,29,11,31,35,0,0,0,0,0,0,0,0
742-virginia-tech,6,31,33,36,33,25,30,34,37,0,0,0,0,0,0,0,0,0,0,0,0,0,0,0,0
743-virginia-state,26,30,27,28,30,0,2,25,29,30,27,27,3,28,0,0,0,0,0,0,0,0,0,0,0
744-virginia-union,26,30,29,28,23,0,27,31,31,33,31,27,27,27,26,0,0,0,0,0,0,0,0,0,0
745-va-wesleyan,26,24,25,25,25,12,26,25,28,25,26,29,27,27,28,26,0,0,0,0,0,0,0,0,0
748-wagner,30,29,28,28,29,19,30,30,29,29,29,29,30,28,0,0,0,0,0,0,0,0,0,0,0
749-wake-forest,32,29,42,34,33,25,30,30,0,0,0,0,0,0,0,0,0,0,0,0,0,0,0,0,0
75-bridgewater-va,27,26,26,0,0,0,0,0,0,0,0,0,0,0,0,0,0,0,0,0,0,0,0,0,0
750-wartburg,27,29,32,30,27,16,29,31,32,22,2,6,2,0,0,0,0,0,0,0,0,0,0,0,0
751-washington-&-jefferson,29,29,26,27,28,9,28,29,28,26,30,29,30,0,0,0,0,0,0,0,0,0,0,0,0
752-washington-and-lee,32,30,32,29,27,8,26,28,27,26,27,26,25,25,27,27,28,26,0,0,0,0,0,0,0
753-washington-col,26,27,26,0,0,0,0,0,0,0,0,0,0,0,0,0,0,0,0,0,0,0,0,0,0
754-washington-state,34,34,36,34,31,24,31,30,30,36,30,32,0,0,0,0,0,0,0,0,0,0,0,0,0
755-washu,28,25,26,0,0,0,0,0,0,0,0,0,0,0,0,0,0,0,0,0,0,0,0,0,0
756-washington,33,33,31,34,23,21,30,32,30,35,0,0,0,0,0,0,0,0,0,0,0,0,0,0,0
757-wayne-st-mi,32,32,28,27,28,20,30,29,27,28,28,29,31,0,0,0,0,0,0,0,0,0,0,0,0
758-weber-state,33,29,33,31,31,22,30,31,32,7,0,0,0,0,0,0,0,0,0,0,0,0,0,0,0
759-webster,28,27,28,28,26,13,28,26,27,26,25,24,27,27,26,0,0,0,0,0,0,0,0,0,0
760-wellesley,24,7,0,0,0,0,0,0,0,0,0,0,0,0,0,0,0,0,0,0,0,0,0,0,0
764-wesleyan-ct,22,24,22,24,25,0,25,24,24,22,22,23,24,22,23,10,7,3,2,0,0,0,0,0,0
765-west-chester,27,30,31,33,28,0,27,30,29,27,28,30,28,27,29,0,0,0,0,0,0,0,0,0,0
766-west-georgia,31,30,29,29,24,19,29,0,0,0,0,0,0,0,0,0,0,0,0,0,0,0,0,0,0
767-west-texas-a&m,33,32,31,32,37,21,33,33,34,34,33,33,35,9,29,0,0,0,0,0,0,0,0,0,0
768-west-virginia,35,33,33,31,30,29,29,33,37,35,35,38,0,0,0,0,0,0,0,0,0,0,0,0,0
769-western-carolina,29,30,30,30,30,24,30,30,28,30,29,30,32,30,30,31,30,33,34,34,29,0,0,0,0
770-western-connecticut-st,25,25,25,24,26,0,25,25,26,27,25,26,26,27,27,0,0,0,0,0,0,0,0,0,0
771-western-illinois,32,34,30,30,29,24,30,30,32,33,32,30,30,0,0,0,0,0,0,0,0,0,0,0,0
772-western-ky,29,32,32,33,30,23,29,35,33,34,34,35,33,33,30,0,0,0,0,0,0,0,0,0,0
773-mcdaniel,29,28,25,0,0,0,0,0,0,0,0,0,0,0,0,0,0,0,0,0,0,0,0,0,0
774-western-michigan,29,30,30,29,30,21,31,30,33,32,32,33,0,0,0,0,0,0,0,0,0,0,0,0,0
775-western-new-eng,28,29,28,0,0,0,0,0,0,0,0,0,0,0,0,0,0,0,0,0,0,0,0,0,0
778-wheaton-il,27,27,25,26,27,12,28,28,28,29,28,27,25,28,26,0,0,0,0,0,0,0,0,0,0
779-wheaton-ma,25,25,25,0,0,0,0,0,0,0,0,0,0,0,0,0,0,0,0,0,0,0,0,0,0
78-brockport,26,29,26,26,24,0,26,27,26,27,26,25,25,25,25,0,0,0,0,0,0,0,0,0,0
780-whitman,29,29,26,28,29,11,29,27,27,31,25,26,33,26,0,0,0,0,0,0,0,0,0,0,0
781-whittier,24,26,24,23,25,0,26,24,25,25,25,24,25,25,25,25,6,2,0,1,0,0,0,0,0
782-wichita-state,31,32,32,33,30,18,31,30,31,31,29,33,0,0,0,0,0,0,0,0,0,0,0,0,0
783-widener,27,27,29,27,26,11,27,28,25,25,25,25,0,0,0,0,0,0,0,0,0,0,0,0,0
784-wilkes,25,25,25,25,23,10,25,25,25,25,25,24,25,24,25,0,0,0,0,0,0,0,0,0,0
786-william-&-mary,31,35,29,31,30,13,29,31,30,31,30,0,0,0,0,0,0,0,0,0,0,0,0,0,0
787-william-paterson,28,30,25,28,24,9,26,25,30,26,27,26,28,0,0,0,0,0,0,0,0,0,0,0,0
789-williams-college,26,25,24,26,25,0,28,25,25,25,25,27,26,33,0,0,0,0,0,0,0,0,0,0,0
79-brooklyn,29,29,27,27,26,0,28,29,28,29,29,29,30,31,0,0,0,0,0,0,0,0,0,0,0
790-winona-st,30,28,28,28,27,12,27,28,30,31,34,28,27,6,0,0,0,0,0,0,0,0,0,0,0
791-winston-salem,32,27,30,0,0,0,0,0,0,0,0,0,0,0,0,0,0,0,0,0,0,0,0,0,0
792-winthrop,32,31,30,30,30,24,30,30,30,31,29,30,33,33,31,31,31,0,0,0,0,0,0,0,0
793-wis-eau-claire,25,25,25,0,0,0,0,0,0,0,0,0,0,0,0,0,0,0,0,0,0,0,0,0,0
794-green-bay,34,35,34,34,27,22,32,32,33,0,0,0,0,0,0,0,0,0,0,0,0,0,0,0,0
795-wisconsin-la-crosse,31,29,27,25,26,9,27,28,28,27,25,25,25,25,0,0,0,0,0,0,0,0,0,0,0
796-wisconsin,34,30,32,31,29,24,31,33,30,31,29,0,0,0,0,0,0,0,0,0,0,0,0,0,0
797-milwaukee,32,32,32,30,30,28,31,30,33,34,32,30,30,29,30,30,31,33,31,31,31,0,0,0,0
798-wis-oshkosh,32,6,0,0,0,0,0,0,0,0,0,0,0,0,0,0,0,0,0,0,0,0,0,0,0
799-wisconsin-parkside,29,28,28,29,29,21,30,27,30,27,27,30,26,31,30,0,0,0,0,0,0,0,0,0,0
8-alabama,35,31,34,31,34,27,30,31,34,36,0,0,0,0,0,0,0,0,0,0,0,0,0,0,0
80-brown,27,27,1,26,26,0,27,30,27,30,28,28,28,28,28,28,0,0,0,0,0,0,0,0,0
800-wis-platteville,27,25,26,26,25,9,25,26,25,25,25,26,26,25,25,0,0,0,0,0,0,0,0,0,0
801-wisconsin-river-falls,28,26,26,25,25,8,25,25,26,26,29,25,25,25,28,0,0,0,0,0,0,0,0,0,0
802-wisconsin-stevens-point,26,27,25,25,22,9,26,26,26,26,29,27,27,1,29,0,0,0,0,0,0,27,33,27,33
803-wisconsin-stout,25,31,31,26,24,9,26,27,25,25,26,25,26,25,24,0,0,0,0,0,0,0,0,0,0
804-wisconsin-superior,28,28,27,24,25,10,27,27,28,28,28,27,28,27,26,25,0,0,0,0,0,0,0,0,0
805-wisconsin-whitewater,29,31,30,30,33,11,27,28,29,28,28,26,32,33,29,0,0,0,0,0,0,0,0,0,0
807-wooster,25,25,26,26,26,8,25,25,26,26,25,0,25,25,24,25,8,3,3,1,0,0,0,0,0
808-wpi,26,27,26,0,0,0,0,0,0,0,0,0,0,0,0,0,0,0,0,0,0,0,0,0,0
81-bryant,30,32,0,0,0,0,0,0,0,0,0,0,0,0,0,0,0,0,0,0,0,0,0,0,0
810-wright-st,32,32,33,32,23,27,31,34,34,34,35,34,35,30,34,33,30,31,32,28,0,0,0,0,0
811-wyoming,30,34,33,34,30,23,29,34,33,0,0,0,0,0,0,0,0,0,0,0,0,0,0,0,0
812-xavier,30,31,28,30,30,15,30,30,30,30,30,33,0,0,0,0,0,0,0,0,0,0,0,0,0
813-yale,27,27,27,27,27,0,27,29,32,27,31,27,28,0,28,29,28,0,0,0,0,0,0,0,0
814-yeshiva,25,25,25,22,23,7,25,24,25,23,22,21,18,20,18,0,0,0,0,0,0,0,0,0,0
815-york-pa,26,26,26,0,0,0,0,0,0,0,0,0,0,0,0,0,0,0,0,0,0,0,0,0,0
817-youngstown-st,35,31,32,30,30,18,30,32,32,30,34,31,31,33,30,30,30,30,30,28,28,1,0,0,0
82-bryn-mawr,25,25,25,23,24,0,25,25,25,25,23,20,14,25,25,24,24,6,2,2,1,2,2,2,2
83-bucknell,30,31,31,30,34,10,30,34,0,0,0,0,0,0,0,0,0,0,0,0,0,0,0,0,0
8366-goldey-beacom,27,29,30,27,26,0,27,30,28,29,28,29,30,30,0,0,0,0,0,0,0,0,0,0,0
8398-hilbert,26,25,24,27,26,0,27,28,28,26,25,23,25,0,0,0,0,0,0,0,0,0,0,0,0
84-buena-vista,27,25,23,24,22,0,0,0,0,0,0,0,0,0,0,0,0,0,0,0,0,0,0,0,0
8404-hood,25,25,25,25,26,0,25,25,25,25,25,25,25,25,24,24,0,0,0,0,0,0,0,0,0
8411-ark-monticello,28,28,28,28,28,0,0,0,0,0,0,0,0,0,0,0,0,0,0,0,0,0,0,0,0
8490-letourneau,26,27,25,25,22,0,0,0,0,0,0,0,0,0,0,0,0,0,0,0,0,0,0,0,0
85-buffalo-state,25,25,25,25,25,0,27,25,27,25,25,26,26,25,28,0,0,0,0,0,0,0,0,0,0
8530-mcmurry,25,29,26,24,23,0,0,0,0,0,0,0,0,0,0,0,0,0,0,0,0,0,0,0,0
8567-mount-st-joseph,27,28,28,25,23,9,0,26,26,0,26,24,25,25,25,24,0,0,0,0,0,0,0,0,0
8577-nm-highlands,27,27,28,28,28,0,27,28,25,24,25,25,26,26,26,0,0,0,0,0,0,0,0,0,0
8597-martin-luther,25,26,25,25,26,13,25,25,25,26,27,25,26,27,28,24,25,0,0,0,0,0,0,0,0
86-buffalo,30,25,33,28,34,24,31,34,35,32,34,31,30,32,31,32,30,0,0,0,0,0,0,0,0
8600-notre-dame-md,24,27,27,28,24,0,26,26,25,23,25,24,24,20,0,0,0,0,0,0,0,0,0,0,0
8688-st-marys-in,25,25,25,25,26,0,26,27,25,25,25,25,25,25,26,12,0,0,0,0,0,0,0,0,0
87-butler,31,33,32,30,28,0,0,0,0,0,0,0,0,0,0,0,0,0,0,0,0,0,0,0,0
8736-southwest-minn-st,29,33,31,30,26,0,0,0,0,0,0,0,0,0,0,0,0,0,0,0,0,0,0,0,0
8744-southwestern-okla,27,29,31,27,34,0,0,0,0,0,0,0,0,0,0,0,0,0,0,0,0,0,0,0,0
8746-southwestern-tx,26,25,25,24,25,9,27,26,28,26,26,28,26,27,27,27,21,4,4,0,4,7,4,4,4
88-cabrini,0,0,0,28,27,1,30,30,29,29,29,28,29,28,0,0,0,0,0,0,0,0,0,0,0
8875-chowan,28,25,23,29,28,15,27,28,28,25,29,27,28,26,0,0,0,0,0,0,0,0,0,0,0
89-caltech,22,24,22,0,0,0,0,0,0,0,0,0,0,0,0,0,0,0,0,0,0,0,0,0,0
8911-wis-lutheran,30,29,28,0,0,0,0,0,0,0,0,0,0,0,0,0,0,0,0,0,0,0,0,0,0
8935-converse,28,28,30,28,27,17,31,26,0,26,26,0,26,26,27,0,5,1,6,0,1,0,0,0,0
8965-east-central,27,27,26,27,27,19,28,29,27,28,28,27,28,28,0,0,0,0,0,0,0,0,0,0,0
8968-eastern,25,25,24,24,26,9,26,25,25,26,25,28,26,26,26,25,24,23,25,6,0,0,0,0,0
9-uab,30,32,32,31,31,23,31,33,34,0,0,0,0,0,0,0,0,0,0,0,0,0,0,0,0
90-cal-poly,30,32,31,28,25,24,27,27,28,29,0,29,30,31,32,28,0,0,0,0,0,0,0,0,0
9004-georgian-court,29,28,25,24,26,11,26,29,26,4,0,0,0,0,0,0,0,0,0,0,0,0,0,0,0
9011-fort-hays-st,31,33,33,32,34,26,30,34,33,30,31,34,29,29,29,0,0,0,0,0,0,0,0,0,0
9012-mo-southern-st,30,33,29,36,31,0,0,0,0,0,0,0,0,0,0,0,0,0,0,0,0,0,0,0,0
9013-missouri-western,31,30,31,31,34,0,0,0,0,0,0,0,0,0,0,0,0,0,0,0,0,0,0,0,0
9081-concordia-st-paul,33,32,28,28,27,17,29,27,31,29,30,29,37,30,28,30,32,33,31,32,31,33,32,29,29
91-cal-poly-pomona,34,31,30,29,23,0,29,31,29,28,28,30,33,27,28,0,0,0,0,0,0,0,0,0,0
92-cal-st-dom-hills,28,36,28,34,25,0,0,0,0,0,0,0,0,0,0,0,0,0,0,0,0,0,0,0,0
9223-north-greenville,28,28,27,28,28,16,28,29,29,29,29,28,27,26,29,0,0,0,0,0,0,0,0,0,0
929-adams-st,33,31,33,30,27,14,27,25,24,24,25,26,27,0,0,0,0,0,0,0,0,0,0,0,0
93-cal-st-san-bernardino,27,28,28,28,26,0,0,0,0,0,0,0,0,0,0,0,0,0,0,0,0,0,0,0,0
934-alderson-broaddus,0,0,0,27,27,0,0,0,0,0,0,0,0,0,0,0,0,0,0,0,0,0,0,0,0
938-alvernia,26,26,26,30,26,8,25,25,25,25,25,25,25,25,25,0,0,0,0,0,0,0,0,0,0
94-cal-state-bakersfield,30,30,29,31,25,18,29,31,32,29,31,32,31,0,0,0,0,0,0,0,0,0,0,0,0
947-arkansas-tech,28,26,27,27,29,16,28,31,30,30,31,30,0,0,0,0,0,0,0,0,0,0,0,0,0
95-chico-st,30,32,31,29,25,0,29,25,28,27,26,26,29,29,0,0,0,0,0,0,0,0,0,0,0
9500-suny-poly,25,25,25,28,27,0,28,29,28,29,29,26,25,23,27,26,0,0,0,0,0,0,0,0,0
96-fresno-state,33,34,33,32,29,28,32,32,32,33,34,33,33,33,33,33,0,33,0,31,32,0,0,0,0
962-bard,25,25,23,23,23,0,25,25,25,25,25,25,25,25,0,0,0,0,0,0,0,0,0,0,0
9630-west-va-wesleyan,2,28,27,25,25,0,0,0,0,0,0,0,0,0,0,0,0,0,0,0,0,0,0,0,0
9630-west-virginia-wesleyan,25,28,27,25,25,17,28,27,27,26,27,27,27,27,31,0,0,0,0,0,0,0,0,0,0
966-arcadia,26,26,27,27,24,0,0,0,0,0,0,0,0,0,0,0,0,0,0,0,0,0,0,0,0
9680-embry-riddle-fl,29,32,30,27,26,0,0,0,0,0,0,0,0,0,0,0,0,0,0,0,0,0,0,0,0
9684-st-elizabeth,25,27,28,27,22,0,0,0,0,0,0,0,0,0,0,0,0,0,0,0,0,0,0,0,0
97-cal-state-fullerton,32,30,31,0,0,0,0,0,0,0,0,0,0,0,0,0,0,0,0,0,0,0,0,0,0
973-berry,27,26,27,27,26,0,0,0,0,0,0,0,0,0,0,0,0,0,0,0,0,0,0,0,0
9754-uc-colo-springs,33,31,31,28,29,17,27,28,27,33,31,33,0,0,0,0,0,0,0,0,0,0,0,0,0
98-cal-st-east-bay,28,28,28,26,27,0,0,0,0,0,0,0,0,0,0,0,0,0,0,0,0,0,0,0,0
984-bloomfield,24,25,26,25,25,11,28,28,30,29,32,27,30,0,5,0,0,0,0,0,0,0,0,0,0
985-bluefield-st,27,30,28,40,27,19,29,35,28,30,31,31,29,0,0,0,0,0,0,0,0,0,0,0,0
99-long-beach-state,30,30,33,33,28,20,30,30,0,0,0,0,0,0,0,0,0,0,0,0,0,0,0,0,0
995-caldwell,30,31,27,28,27,10,29,27,31,31,30,30,30,31,0,0,0,0,0,0,0,0,0,0,0
996-cameron,28,26,28,29,28,19,29,28,29,27,26,27,27,26,26,0,0,0,0,0,0,0,0,0,0
